PC1,PC2,PC3,PC4,species,longitude,latitude
0.06738737766258514,0.6891523511351947,-0.024795114724696508,0.5985166196795783,Vespa crabro,6.03,52.13
-0.21107489304677357,-1.3985279176779581,2.1195963582088733,-0.67060889459491,Vespa crabro,11.83,50.96
-2.1364625586072377,-1.4066613087528406,0.5842348468124248,-0.38250281449465295,Vespa crabro,11.57,48.12
0.7512833294649561,1.4448095258671625,-0.157638960598195,-0.629408552772403,Vespa crabro,21.26,45.78
0.5548442678726626,0.05687623325756561,0.0954204866783708,0.3738526832272264,Vespa crabro,3.8,51.2
-0.3774095940732864,-0.1280908133056562,0.34859551660331944,-0.3941982479061914,Vespa crabro,6.05,49.05
0.5289115470395438,-1.3055085266990205,0.8065883040516585,0.34105810656825275,Vespa crabro,-1.33,50.92
0.39177125488386183,0.5150591337358074,0.24951284299257112,0.23955794188433052,Vespa crabro,5.65,51.2
-0.34244508460103684,0.8976041019824271,-0.2835866588615569,0.6534632381027764,Vespa crabro,5.9,52.2
-1.090993291015684,-0.44213370563125265,-3.1060256676960125,0.4448323219562114,Vespa crabro,-0.61,43.17
-0.44343908719218306,1.1414268302079436,1.3339565112261464,-1.3077410687206104,Vespa crabro,14.27,50
-3.726687346010494,2.046706482802222,-0.10939105922641254,-0.5066513837076777,Vespa crabro,9.63,46.14
0.4618404412996094,-1.811540851303482,1.5764495052561245,-0.3333715594083993,Vespa crabro,0.97,48.91
1.0427430349511742,-1.0736795902777772,2.003764076748813,-0.0071196045779757956,Vespa crabro,11.86,52.96
0.33527526966324817,-0.3229313375503302,0.6318268665085541,0.6927572524286179,Vespa crabro,6.2,52.65
0.3386864222344581,0.054193789563544856,-0.011262864620296131,0.3849439624583513,Vespa crabro,6.74,51.66
-0.48524175054690133,-1.4821491932893116,0.8652484197096599,0.49880683559821515,Vespa crabro,6.1,50.78
0.2850126828346729,0.1857325076191349,0.09092405401968497,0.6280922824836234,Vespa crabro,4.65,51.8
-0.7089954933272483,-0.17037600295412117,0.3702197836175187,0.22089039953470985,Vespa crabro,6.23,50.79
0.1372559479533251,1.7643622435171333,-0.44500667698380736,-0.2567330280176074,Vespa crabro,8.9,50.1
0.32802603423324334,-0.07442031244812233,0.366928626477438,0.5539588621999132,Vespa crabro,5.1,51.6
0.5343168474699085,0.16038676900440368,0.060956593494655514,0.419262256785942,Vespa crabro,3.95,51.25
0.7259461794072833,1.3438733627942572,0.7178617078193532,-0.2803904817105042,Vespa crabro,13.38,52.48
0.2450112238857083,-0.7024993689888316,0.7608760638083598,0.6902329172546031,Vespa crabro,6.1,52.05
0.6701844948802077,-0.13473722102032948,1.4078560749715254,-0.43470226211304064,Vespa crabro,12.35,51.29
0.6227111943929179,1.5300978054270296,0.2982875193124754,-0.2471655935790589,Vespa crabro,-0.03,52.15
0.8750085084483531,1.540978408623356,0.8954515248235344,-0.2961114727506359,Vespa crabro,14.24,52.59
0.4062804893817656,-0.3981924403631776,0.4126394331063852,0.5899053393141208,Vespa crabro,4.5,51.55
0.65846904156773,0.11309834162040279,0.8644488667954329,-0.2099577156257443,Vespa crabro,-0.06,51.74
-0.2661476875154267,1.5245071476501078,0.03285907665772836,0.6319303989736865,Vespa crabro,9.99,53.76
0.3913025472832109,-1.704777690443277,1.2809523741626485,0.3961178892465144,Vespa crabro,6.03,50.98
0.7612207994114913,-0.41551617272619645,0.022705052275883424,-0.3733271226677042,Vespa crabro,0.99,46.77
0.2814383693958744,0.1763403948437713,0.3269615916896467,0.5819862427647282,Vespa crabro,5.65,51.95
0.3992630520271435,-0.7315092402647576,0.6607900442137014,0.692119781547598,Vespa crabro,4.4,51.75
0.15281761533691762,0.031039784267651326,0.04837312351398904,0.7815276915452694,Vespa crabro,4.6,51.85
1.1549536915845076,0.25199237702526084,1.108587576207504,-0.2426132944884002,Vespa crabro,-0.15,52.43
0.5733557116557093,-0.2297659957694321,0.25540841235466033,0.4990369257027276,Vespa crabro,3.8,51.45
-2.2193889882333164,0.14366198885808942,0.33542206042520856,-0.7762439577293042,Vespa crabro,11.19,48.17
0.2504008660508144,0.39260082787233797,-0.04807618255925123,0.5773945043355051,Vespa crabro,4.75,51.55
-1.4933273633467674,-0.09087712744468995,0.15599223260031095,-0.08910710861963432,Vespa crabro,5.97,49.48
0.9385958173123692,0.17181108282546523,0.954154620273,-0.6737885314621708,Vespa crabro,17.65,47.75
-2.2302628510714606,-1.0772318428576086,1.616113805182644,-2.9615414132579767,Vespa crabro,11.2,46.02
0.6459956923154908,1.9559270258159014,0.3720637286629761,-0.32276573851764634,Vespa crabro,13.43,52.43
2.0567229883744607,-0.04916669570450673,-1.0725567832828167,-1.6170393064844342,Vespa crabro,12.6,42.22
-1.7851181991257492,-0.6251068960899283,1.3389749974914134,-2.7536073878702436,Vespa crabro,23.73,42.39
-0.2274775995969483,0.5724197507796723,0.034675734051438714,0.4483094773322228,Vespa crabro,8.66,52.16
0.38093350536370385,1.0254238709703796,-0.14617124835022435,0.21495635436443855,Vespa crabro,6.38,51.51
0.1207773178976605,0.899101688838664,0.030432721163366705,0.5631495871935549,Vespa crabro,6.65,52.25
0.47370578003481206,0.0779007907141434,-1.7370856206917633,0.18795355004335754,Vespa crabro,12.22,45.76
0.05636304589663166,1.4397583085079317,-0.6176810491025304,0.6317238260593449,Vespa crabro,4.2,51.85
0.8533815911974145,1.811707727852039,-0.208383246949988,-0.9703982609715011,Vespa crabro,18.67,47.15
0.25901290538495647,0.4997450943661722,0.06301952071380634,0.566927601092331,Vespa crabro,5.1,52.1
0.27356984625639386,0.8084626248087217,-0.11686117482583946,0.3629810404383593,Vespa crabro,5.45,51.35
0.7610235926282707,0.4649076808974399,1.3448625470045328,-0.29205677774566685,Vespa crabro,14.64,52.32
0.6985512522643457,1.2736666519009203,0.6046275773440503,-0.27976808664436953,Vespa crabro,13.4,52.56
-6.859363528485372,-1.0628777192343348,1.4852256632627314,0.32667046045167303,Vespa crabro,13.31,46.88
-0.02063808567444838,0.9380239436339126,-0.18485907180730687,0.28678833592021397,Vespa crabro,0.29,51.02
-5.868129482533523,0.32730038609161793,0.5172064185945707,-2.752002202596787,Vespa crabro,19.9,42.63
0.5811577843343076,-0.07560904861255983,0.7215855751075017,0.027756142727539096,Vespa crabro,-1.22,51.62
-0.06209503730825279,1.033373109179903,-0.03600120480350086,0.6884040546197906,Vespa crabro,6.5,52.8
0.16221960009193245,-0.39551246455056926,0.5944900636465171,0.7295360738041421,Vespa crabro,5.2,52.25
-0.09091344539135478,1.0135638019697901,-0.224343295504262,0.4470107116424636,Vespa crabro,6,52.1
0.9989460572167643,1.1377102937562036,-0.05153817192360129,-0.2768732073956304,Vespa crabro,-0.5,51.37
-1.234937919301696,0.5905496113866492,0.0041311995100801364,-0.18010470265229842,Vespa crabro,6.7,49.73
-0.5021456330656386,1.7415618961171515,0.33076659075798465,-0.7633208946536116,Vespa crabro,15.63,48.2
0.4184501723767531,0.9296458140645111,0.04553543249609709,0.14303309237583894,Vespa crabro,-0.39,51.3
0.21956072051900238,1.014549039419175,-0.210874449529429,0.5445115006250775,Vespa crabro,4.9,51.8
0.2819442386407566,-0.1636405850570579,0.445734149268011,0.49845924788605245,Vespa crabro,5.92,51.98
0.5027857982477085,-0.25463902185007853,0.5145144236296036,0.010867997767040052,Vespa crabro,7.12,50.71
-0.5059113712253218,1.3144901907052842,1.1072728847005866,-0.8806247966404577,Vespa crabro,15.15,50.57
0.44616652384270084,0.15915118903660036,0.4517024895065347,0.27299796598630477,Vespa crabro,5.5,51.3
0.7908004499056444,1.643653422390689,0.7997251833394903,-0.4544959757462233,Vespa crabro,11.62,52.13
0.17755550976885684,1.1359307293114707,-0.21217638832531827,0.5394442304708431,Vespa crabro,5.5,51.95
0.8213874082802691,0.5623816087121033,0.24869857393344566,-0.24784058211282245,Vespa crabro,1.64,49.07
0.45974858528671225,-0.980813011618683,0.9135947459083231,0.6598841982314719,Vespa crabro,4.95,51.8
-0.43576536588311693,0.35162065923297725,1.2162000730574192,1.0861644441898932,Vespa crabro,12.83,56.67
0.029755257056662678,-0.2487072476062513,0.7464633019732829,0.8880264871970655,Vespa crabro,6.4,53.1
0.91762585035623645,-0.8190354576587753,0.6468903141654293,-0.4895589478669589,Vespa crabro,1.53,47.75
0.16905165847399764,1.021203803682651,-0.1506532853658206,0.5212382127498826,Vespa crabro,5.65,52
0.6406615917657528,-0.33298139353653056,0.5110878034260758,-0.4694424070425974,Vespa crabro,2.75,47.84
-0.07419019879506876,1.2091406507613025,1.0365139935994188,-0.6201576345125518,Vespa crabro,26.79,48.63
-2.7113040760435703,-0.3115167446729568,-0.8258771607321751,1.1374609645322036,Vespa crabro,8.01,47.53
-1.2041616243424118,-0.4897392668588237,0.6304064906474756,-0.3073715639729006,Vespa crabro,15.44,47.07
0.3789913769675206,0.49889130924133757,-0.20441487384191281,0.4536793683343392,Vespa crabro,4.05,51.25
0.12272061980632377,0.22666950746796158,-1.7480041922228848,-0.0587129307207436,Vespa crabro,9.19,45.49
-2.0813012668314577,-1.733453266799935,0.23709168413913503,-1.3309242699254142,Vespa crabro,4.6,44.96
0.5927750513168386,1.6647451862822134,1.049752029720314,-0.41291939421449336,Vespa crabro,16.93,52.42
-0.46869252526675237,-1.5207393335276809,0.34909334877683335,0.6467240635157371,Vespa crabro,7.87,48.44
0.238554671705091,0.3416507207298658,0.19340612898174997,0.5920505256387021,Vespa crabro,5.7,51.85
0.5791500042538782,0.9468510858017499,-1.223476531156726,-0.013634669093297823,Vespa crabro,-1.58,47.27
-3.373634214117478,1.0891754861060414,0.1314702544042238,0.08693069976226292,Vespa crabro,7.14,45.14
1.8848587696066426,0.10568860244253593,-0.7921704805680077,-2.2916119561467645,Vespa crabro,-0.21,40.06
0.3406452444810221,-0.2701442761672509,0.5793404536871418,0.6138825786583714,Vespa crabro,5.6,51.85
0.2134454189296495,0.7190387575452576,0.020754485446643163,0.5476386686593702,Vespa crabro,5.65,51.95
-2.391665878898503,-0.2695106910361765,0.28196112190603634,-0.3883291092818517,Vespa crabro,11.33,48.16
-0.3206146030691373,0.6552798993640611,-0.1732925190642265,-0.3109741497730283,Vespa crabro,16.65,46.59
-1.2801168263018725,-1.114604106867403,0.18040988975631705,-0.08074790862817648,Vespa crabro,7.83,47.97
0.9058961023198326,0.5687599360550674,0.18178021211266726,-0.2765881649400253,Vespa crabro,1.95,48.98
-0.5791336247913965,0.19041369553364038,0.24102853200754412,0.5909495522177495,Vespa crabro,-2.18,52.6
0.3113984587567548,-0.11887884061404097,0.500707971723752,0.5805646814135645,Vespa crabro,6.25,52.15
-1.3769836799343524,0.9432413362060253,1.3458847156925726,-1.1901466283903552,Vespa crabro,11.35,46.5
0.5478532421639649,0.14945236503154882,0.06995618443652264,0.3764053716099488,Vespa crabro,3.5,51.55
0.02993004276826353,0.6484835695187258,-0.10378313573545252,-1.1843186496512743,Vespa crabro,19.91,45.16
0.28658214633784285,0.5829974046243401,0.48685534157902643,0.24279703045441375,Vespa crabro,9.29,52.49
-0.3542494653675772,1.7938504803623208,0.043451610407093416,-1.165930853797415,Vespa crabro,16.25,48.12
0.28320234555157936,1.7236701945305988,0.07797381508551489,0.009131605626666331,Vespa crabro,9.65,52.42
0.5898056978434427,1.2200394656552886,-0.16092670302387294,-0.49016578909961883,Vespa crabro,2.63,48.44
-1.4790534231483217,0.6442145001506107,0.9802044872371283,-1.1339592172037287,Vespa crabro,22.29,46.62
0.7816989394890947,-0.7088524761855592,1.299264512820176,-0.6855399526790538,Vespa crabro,16.48,48.19
-1.3715608980301748,1.6957393229613236,-0.13943040292520634,-1.119379380204801,Vespa crabro,9.01,48.71
0.17248829526600454,0.9969483474679831,-0.20406254400515098,0.46502492735070555,Vespa crabro,5.85,51.85
-0.8619837574588278,0.09659639186002379,0.17485736312038197,-0.12750345113254563,Vespa crabro,15.88,46.83
-0.3207017219805642,-1.063270206956677,-0.10680664634265778,1.133846294815387,Vespa crabro,-3.2,51.45
0.005580707896049315,0.6476208362367529,0.14937559310922124,0.7814536750218346,Vespa crabro,6.1,53.1
0.2761614593052341,0.33878069968849434,0.0468754643672019,0.5298171208117878,Vespa crabro,4.85,51.5
-0.5576716481834609,1.0632103108238251,-0.21237792110942438,-0.3072084081830613,Vespa crabro,9.19,49.08
0.7783660093060124,1.0101088918100516,-0.0020890103307189202,-0.2616247590783881,Vespa crabro,1.6,49.07
0.06674354712543715,0.7180559465186268,-0.3392625235475805,0.7380461921225894,Vespa crabro,4.6,51.85
-0.014012882924608158,0.41136904387533785,-1.317779055038743,-1.113495250426232,Vespa crabro,1.82,43.21
0.38950400649172745,0.780186792522736,-0.3567117228730224,0.4868103282837623,Vespa crabro,4,51.3
-0.6604487813709811,0.44088976506810784,-0.146720031045129,-2.620291735794846,Vespa crabro,-5.03,40.23
0.5458592317203386,-1.1913779653710164,1.1448888792261263,0.5589442821512167,Vespa crabro,6,51.85
0.30271931412385134,0.8725232626335679,-0.12156954769153226,0.6262635801709772,Vespa crabro,4.9,51.75
-2.4361009782716825,1.1936463839892213,-0.8792708863308338,-0.5179719345370053,Vespa crabro,11.62,48.15
-1.90197774640865,-0.21488204593785895,-1.0378584818954768,0.5513534816795764,Vespa crabro,6.14,47.29
0.23207027090237772,0.6914684347581054,-0.06520935864321617,0.5054854885745064,Vespa crabro,5.05,51.65
-0.14324414548520123,0.8918769417587655,-0.746371377971872,0.5145517181300207,Vespa crabro,6.88,51.4
0.2450156994952263,0.9121325434192491,0.3517262325331464,-1.0023036831187766,Vespa crabro,8.17,49.96
0.045167589599044475,1.1524748040418804,-0.25438345092699727,0.68069454112711,Vespa crabro,5.1,52.2
-1.4195216995557451,-0.2595830501112531,-0.04352243167653981,0.6861805994348908,Vespa crabro,7.56,50.77
0.3285908103555569,0.5503599043340145,0.11750461511745787,0.507740207733264,Vespa crabro,5.2,51.8
1.8031388899296412,-1.0406034287235082,-1.7912241038467256,-0.7138281792771969,Vespa crabro,12.59,41.89
-0.4726200403796234,-1.1439889426341943,-1.4459584412442927,0.4364178900711685,Vespa crabro,9.13,45.58
0.23873853639621195,0.3601983290577946,0.5238425356193981,-0.7273881589805545,Vespa crabro,4.14,49.1
0.3414771265843617,1.632918732291527,0.07980064339902143,-0.0975343894402148,Vespa crabro,9.77,52.36
-2.0959933202841112,-0.3813257439822304,0.03213847989571933,0.4688457516230391,Vespa crabro,9.5,48.85
0.2692637288312956,0.5626262565185649,0.2223712359607877,0.5949184656504726,Vespa crabro,5.45,52.45
0.10403323320887914,1.3510349428764488,0.2879823857493394,0.35048993802620115,Vespa crabro,8.43,53.03
0.46692199299085213,0.1342518103755532,0.24982449309051136,0.2113991499728061,Vespa crabro,6.47,51.46
0.12756721295586052,0.6782100970381756,-0.05388539048330419,0.6656769227518187,Vespa crabro,6.1,52.5
-0.8325428513887383,-0.7491038667056177,0.4114922389140251,0.2804312664498229,Vespa crabro,6.85,49.19
-1.9470240286834304,-0.03164362205991124,0.13165046691106477,-0.6726896979252197,Vespa crabro,9.15,42.31
-1.7685894349923779,0.2029102688544288,2.584480519901932,0.7329617338973918,Vespa crabro,11.41,59.97
0.43065899829427884,-0.07676897447977495,0.48874621418431646,0.40193146380174977,Vespa crabro,5.6,51.45
0.03650881176972301,1.7195432859227384,-0.5881695474940114,0.47209976304761436,Vespa crabro,5.67,51.99
0.29882018342482364,-0.20163113995965892,0.23424056814047636,-0.2309209020156017,Vespa crabro,7.77,48.56
0.7456661060129702,1.6628131409711147,0.6126135644519645,-0.2831118657672285,Vespa crabro,13.09,52.59
0.563696434458412,0.39598278124526476,0.6577761356672265,-0.5210301727243243,Vespa crabro,17.18,48.05
-0.00684868073713617,0.7468283101639356,0.09339968531819222,0.7751747983995485,Vespa crabro,6.05,53.05
0.3437286762947892,-1.2773758856625657,1.0247179846501118,0.6716073824821913,Vespa crabro,-2.47,53.39
0.1910260790735422,0.5873771781614158,1.548422831505378,-0.8941855599826748,Vespa crabro,16.66,49.19
0.23197729052009053,-2.1065386839917277,1.1044796787148812,0.8320392851368151,Vespa crabro,-0.69,50.99
0.3055635680859025,-1.5460235832917961,1.5664902857850527,0.9071322345214242,Vespa crabro,6.35,53.35
0.6644420516489654,1.409461726688663,0.5713194877371744,-0.045196353092661845,Vespa crabro,-1.09,53.96
0.7375406516557036,0.5348752145949955,0.20228308767573291,-0.13471409159703818,Vespa crabro,-0.06,51.45
0.25166844941044125,0.23698066830935688,0.2524641915534574,0.5986751308139027,Vespa crabro,5.75,51.95
-0.4470616924195419,2.524289877965936,1.7621843236420613,0.6718224152972018,Vespa crabro,17.69,60.22
0.7431929409617256,0.3304515893828289,1.8815416205086988,-0.315385694772259,Vespa crabro,17.02,52.31
0.1715426546899629,1.8054135983306707,-0.6761622172996631,0.32535078161023073,Vespa crabro,5.45,51.5
1.0065103360238798,0.48364746517251045,0.6896580910648253,-0.8190142340099362,Vespa crabro,19.28,47.36
0.9146856643314172,-0.8822412032523509,0.20333939995145983,-0.0793231584710075,Vespa crabro,-0.46,47.24
0.7162829257451288,0.6087489035000261,-0.33458104055063076,-0.4449171554552959,Vespa crabro,1.76,47.35
-4.169170775533848,-1.2168178985934295,0.2528119921939759,-3.916508267644223,Vespa crabro,13.34,42.14
0.08045182165691112,0.9973742497536741,-0.2195234801833557,0.6122146134950768,Vespa crabro,5.5,52.1
0.40735189624970697,-0.53854111657127,0.6682680676447096,0.609502697652741,Vespa crabro,5.85,51.95
-1.2106492008134844,-0.18941467685905317,-0.2313846992733257,1.14652031685407,Vespa crabro,-2.08,52.36
2.413987582642036,1.2324598674400888,-0.7399406980825867,-2.8343483660918345,Vespa crabro,12,42.05
0.5285941601829421,-0.01047956343654881,1.0772467598825697,-0.11583988313444765,Vespa crabro,-1.43,52.38
-0.14465249398566088,1.0740254362095523,-0.026603288712520372,0.7144579684444154,Vespa crabro,6.65,52.9
-2.3564129601898407,-0.039275676101349126,1.025372152032521,0.19486956784005127,Vespa crabro,11.17,50.36
0.34612036434754045,1.4760416674279386,0.8260959139020347,-0.44217429983689033,Vespa crabro,17.08,51.16
0.16733592990434515,-0.10915930752876402,0.9033991474022536,0.07586960164770132,Vespa crabro,-1.7,52.38
0.7313344347010053,-0.7508759773052249,0.992759468955805,0.22421660895624118,Vespa crabro,0.83,51.07
0.14722660377572347,0.31410868165375944,0.1956502878603802,0.48828700627541205,Vespa crabro,5.72,51.99
0.649669557162141,-0.3481104821711103,0.5265261159086619,-0.23286478554638879,Vespa crabro,1.11,47.84
1.730492039106704,-1.2602974660726456,-2.8461566954770725,-0.36920590550962773,Vespa crabro,16.59,38.81
0.9024188428249784,-0.3353789957896537,1.7906722903831076,-0.42817829144349817,Vespa crabro,12.3,51.58
0.1242042273155444,0.8847431141930113,-0.1632163281764961,0.6521372035919173,Vespa crabro,4.7,52
0.022164897843827074,-0.05323596992774583,0.47363828276743125,0.8773744920465585,Vespa crabro,6.2,53
-0.04514756683669674,1.6059092651407132,-0.669049688589756,0.6263027116336503,Vespa crabro,4.3,52.1
0.6850261956191195,0.12928964521412067,0.9069172399427777,-0.9701957913183087,Vespa crabro,19.29,47.62
-0.03646508102376031,0.09317934921026205,-0.996822848577439,-0.41322769399763787,Vespa crabro,4.99,45.77
-1.0680636646512267,2.353870921139095,2.4528764369194422,0.7737553905119041,Vespa crabro,28.09,61.05
0.8446697897079688,1.2517709523097522,-1.5425758477566283,-0.24629498952623,Vespa crabro,-1.73,46.51
0.30326961001984076,0.3832280692379907,0.30215565882504986,0.5507401731304686,Vespa crabro,5.1,52
0.24492009138807716,1.0624813171755902,0.5136281082313934,-0.13101923813429361,Vespa crabro,10.28,52.19
0.2668082673100496,0.5591759717547073,0.044685601061221214,0.56241774289789,Vespa crabro,4.95,51.8
0.2314671854485685,0.5762714483470551,-0.29773027574846733,0.13358996063071182,Vespa crabro,4.43,50.84
-0.05201692380540811,0.9578323028423477,-0.1775834848945494,-1.4884635055892963,Vespa crabro,3.25,45.8
0.4524181920629235,1.2012244883659053,-0.47800690233625553,0.43367141201858317,Vespa crabro,3.45,51.35
0.2692456625763368,0.2904021447257303,0.15925065833308996,0.5163164745461443,Vespa crabro,5.05,51.55
0.435716541219213,1.4788743511495497,-0.3978456062839475,-0.3575445487612702,Vespa crabro,8.49,49.44
-1.4020630288490274,-1.1421592466378567,-1.124406080617096,-0.5733343964495614,Vespa crabro,-0.08,43.12
0.2132014595535433,1.4523560018392199,-0.30985439010215116,0.0060664966040403015,Vespa crabro,2.11,50.22
-1.6044098825838815,0.10298645708165086,0.05479981886351824,-0.5480961376237791,Vespa crabro,8.83,48.87
0.4619834928615142,-0.6571228930489202,0.46206329553803804,0.3326781084025743,Vespa crabro,4.08,50.84
-2.359385452542545,-0.09690881165527486,-0.16302042351966337,-0.5308844154533763,Vespa crabro,11.65,48.09
-4.0158193200400945,-0.1379017664726642,-0.648809075704835,0.9347427275180038,Vespa crabro,13.93,46.59
-2.7876942397887388,-2.444662978465423,-3.0195252462638775,1.4426638375065595,Vespa crabro,-7.61,42.52
0.13587400334727381,2.2998739559387786,0.31569964447959503,0.10524476664102343,Vespa crabro,10.38,55.3
0.5533535108151769,1.4498495316463802,-0.6041563212454824,-0.6872565355287856,Vespa crabro,2.19,48.83
-3.0780507616852306,-1.0267044271948498,-0.36665289714953475,-0.32479211356636023,Vespa crabro,7.68,47.31
-0.41193497645963284,0.7720443181198681,0.4700377322300638,-0.08951189855837909,Vespa crabro,7.22,50.12
0.4958182632603185,0.6097042769799034,0.6607975430622366,-0.0036694925470134353,Vespa crabro,9.8,52.41
-0.20127796348822855,0.7775382805938574,-0.07717811753309003,0.21917923659571267,Vespa crabro,9.11,49.93
0.29261109931859725,1.0250859712869609,-0.13295423238283105,0.33219466891870425,Vespa crabro,5.6,51.45
-0.2878101525241232,1.093278302500394,0.4888271788204261,-0.08318421585775128,Vespa crabro,9.94,51.52
1.1948029319574058,-0.1658735041679686,-2.126823751919307,-1.659151485211713,Vespa crabro,-9.09,39.17
0.322653326463853,-0.0168104700770333,0.5147273129883057,0.4858032392666619,Vespa crabro,6.55,51.9
-2.017606501112319,-1.6891406690486521,1.8982403591219623,-4.265283752973427,Vespa crabro,-0.69,40.82
-0.23109101175705068,0.7148265878327277,-1.1727726777455345,-0.3007241468967138,Vespa crabro,10.25,45.52
1.8456882354685187,-0.6195558255870313,-2.2506276630497957,-1.2059619099372987,Vespa crabro,-9.17,38.74
-2.4049566382403045,-1.0363328659674131,-1.3091187540594458,0.6916471009479073,Vespa crabro,15.67,44.94
-1.4075372645946285,-3.1733240881389926,1.9178965397034893,-4.411049157058561,Vespa crabro,-0.1,40.44
-1.7353473281711183,-1.388349728055316,0.22655262857571923,-0.2556040420336339,Vespa crabro,-5.83,43.16
-0.9455733618062038,0.7527322254248894,-0.1675900107579269,0.02785459676499867,Vespa crabro,6.17,50.75
-0.05969054450894909,0.18157352493433493,-0.028901137426775747,0.576935912079774,Vespa crabro,7.48,51.62
0.1984524026878904,0.8359539407877735,-0.019177258184127847,0.5334255482463082,Vespa crabro,6.2,52.2
0.4752998229511996,-0.6712526563079266,0.720332091253714,0.4748235558217491,Vespa crabro,5.4,51.4
0.5193679312301731,-1.7685236327277287,1.4939520663910542,0.4403734813720137,Vespa crabro,5.9,51.75
0.21379381871187586,1.7546451330824069,-0.5696491155302147,0.3735663842639378,Vespa crabro,5.35,51.65
0.23312754768869653,0.9952519657901583,-0.04225008656116878,0.5192812828296188,Vespa crabro,5.15,52
0.18911067618595923,0.7502414340386294,0.007180371992528587,0.6160018931280438,Vespa crabro,4.85,51.9
-0.015102110270033251,1.907955044539964,0.13264460541952855,-0.7960406862347713,Vespa crabro,16.3,48.18
0.6214315331607139,-0.7927896982267177,1.2475368772802558,-0.21930092547529637,Vespa crabro,-1.42,51.82
0.5920532488629733,0.40162692573141334,0.5290909565452233,-0.4658354903901375,Vespa crabro,8.66,50.13
-0.759068374883753,0.3926989465129851,0.5213933915301724,-0.2881491512716917,Vespa crabro,7.16,50.15
-1.5622452280276427,1.576008970356686,1.048764495437763,-1.1769230587594042,Vespa crabro,12.78,49.73
-5.837938455681371,-1.4126083871793542,1.254062746003832,1.546918104386954,Vespa crabro,9.83,47.15
-1.472046195663087,-1.0981095179924643,-1.210985486973335,0.7581121080345573,Vespa crabro,8.64,45.87
0.11975951575901321,0.0893708912634875,0.15267882503392138,0.5228157384234619,Vespa crabro,6.93,51.68
-1.2130125128393627,1.659749637363909,0.023743752655208644,-0.7921587006642878,Vespa crabro,11.16,49.53
-1.109251049290527,1.0752039439047534,0.4071786812417775,-0.6590748467334266,Vespa crabro,11.16,49.71
-0.10312037393814681,-0.55569260004456,1.742960823461896,-0.5619576734412517,Vespa crabro,14.16,50.55
-0.02568811911427786,1.4819024574192312,-0.7697897366006387,0.6933402332243429,Vespa crabro,4.65,51.9
0.41510694970525064,-1.2360591060148096,-0.9172771813154263,-0.7629356881276051,Vespa crabro,29.53,41.01
-1.8687717548124025,0.6718413866485855,-0.14848246850100427,-0.8671452166730733,Vespa crabro,9,47.77
-0.1921735583244053,0.40419970499287433,-0.9975074375074778,-0.2810644600232398,Vespa crabro,10.25,45.52
0.8093112767811655,-0.507523345091814,0.7821837810341793,-0.1342272081775679,Vespa crabro,-0.07,51.43
-1.3923169870840766,-0.7831034107479112,-1.1849417747024111,-0.4186855422788356,Vespa crabro,10.49,44.58
0.360639963773672,-0.43249020248032727,0.6969764163924675,0.6173439940730161,Vespa crabro,6.2,52.25
-1.0849714533478496,0.31951256899029495,-1.8906879414138236,-0.8353199627218947,Vespa crabro,12.26,46
-2.003727118674548,0.7410954322064089,-1.0378865689368102,0.9470869527503359,Vespa crabro,7.18,51.26
-0.5287217486646973,-1.0977925259732058,-0.5567283397908911,0.8961225431670572,Vespa crabro,-3.54,48.62
0.6031375067580916,-0.4932621020709972,0.427931470555617,0.44607928494298804,Vespa crabro,3.95,51.2
2.495092182620398,-1.0436843896495311,-0.8625248993534104,-1.3923722311617555,Vespa crabro,12.29,41.88
0.3428988822021379,-0.15234186773880495,0.4361636440697351,-0.15932366445910698,Vespa crabro,7.03,50.71
-1.1773754367226656,1.5577020922740967,0.6440982207555137,-1.2044064475329614,Vespa crabro,24.14,45.78
0.09218120198696979,1.2954790203196211,-0.17387578158383693,-0.5081869967867929,Vespa crabro,0.86,48.96
0.9314616837239621,-0.5070932185091171,1.6107624998762375,-0.15614867290153397,Vespa crabro,13.4,52.57
-0.0938942848861538,-0.5193721041392004,0.03201803295200078,0.4619819031417067,Vespa crabro,6.92,51.36
0.25805258968641664,0.3797417349230334,0.1088425140168346,0.5106621398258974,Vespa crabro,5.05,51.55
0.23976718411689438,1.2963770265790773,-0.3136794818466285,0.19494183277387797,Vespa crabro,-1.47,51.01
1.0348279702727776,0.8671223282473585,0.5383718594266459,-0.8272955193944203,Vespa crabro,19.31,47.19
0.05706829660972297,0.07140095696577334,0.5438427393880332,0.8478071699532295,Vespa crabro,6.05,53.25
0.785158516869945,0.32051796324365844,1.4769032387712648,-0.18471177096028274,Vespa crabro,13.62,52.33
0.06010807005268983,0.4817581257814311,0.1335145429071401,-0.053317782355116125,Vespa crabro,6.19,50.91
0.6210836068588008,-1.0682087998512846,0.686209915430312,0.6037959485628593,Vespa crabro,4,51.3
0.15687372944130473,1.4346108947778045,-0.4455034585089426,0.4809830379932688,Vespa crabro,5.9,51.95
0.4696875592573487,-1.0801042160011813,0.661105060028416,0.5705364879261126,Vespa crabro,3.37,51.03
-1.867752485838391,0.3145259787047658,-0.8932754458835201,-0.1305823440918916,Vespa crabro,6.13,46.2
0.8493989344125016,-1.4234427664086624,-1.8208364409601718,-1.0925162106849755,Vespa crabro,12.8,41.96
0.36037875575184797,0.6781578000631865,0.15563354352388212,0.26515041208850443,Vespa crabro,5.95,51.45
-0.041006157591802775,0.3160881261617865,0.4277883825206969,0.8522803853324985,Vespa crabro,6.45,53.1
-0.30441116508721333,-0.49653903696240065,0.2149860090486419,-0.2627735794023323,Vespa crabro,16.56,46.22
-1.269877338676293,-0.7914349505360814,-0.7716422877039001,-0.2533827321759908,Vespa crabro,9.71,45.73
-0.18996718226738193,0.2711080025323586,-0.24649129542047218,0.6084341916565249,Vespa crabro,7.2,51.51
0.23692142593946816,-0.6404988936990674,0.6236567499747366,0.8393351329695339,Vespa crabro,4.5,52.05
-5.999661983972483,1.383820234389179,0.899351656306001,-2.3767610000424373,Vespa crabro,11.47,47.09
0.28833248254516497,0.652491457874124,-0.21124548631887582,0.37458114233448603,Vespa crabro,0.46,50.86
0.33221121117908914,0.895300844326955,-0.04690899635879341,0.34562652519379766,Vespa crabro,5.65,51.65
-1.241859049566411,-0.5213178176285641,0.9360345140600029,0.20273902460976978,Vespa crabro,8.29,50.73
0.25860804126732767,-0.33157117549264936,0.4736308978380295,0.7265115149659624,Vespa crabro,4.5,52.25
0.2091506450602927,0.852277124095958,-0.3051472879682676,0.56649223090028,Vespa crabro,4.8,51.65
0.7317929688725481,-0.07013194960175051,0.987832793791141,-0.5181902492970639,Vespa crabro,16.78,47.95
-0.3084159464823838,0.3762054230580035,1.1429728826760184,-0.2988167312649704,Vespa crabro,14.98,51.14
-1.3109208683853673,-0.1703616950811209,0.44453584583553357,0.5690823699061432,Vespa crabro,9.36,50.3
0.9823423112815253,1.191978178298126,-0.08353321993546278,-0.29122232385634494,Vespa crabro,-0.44,51.39
-1.2658143581771777,1.2802075751192965,-1.7010744390288646,1.0908861068170908,Vespa crabro,-3.87,50.91
-0.6216160608558082,1.661786192447008,2.0899610069108627,0.9278565728437799,Vespa crabro,22.71,60.17
-0.22951745192723785,0.5715707047827476,-0.2569072862506495,-0.40687355151154564,Vespa crabro,-0.12,48.42
-0.9947840496965076,-0.1300553246081561,0.5217610395426466,-0.31547147559955985,Vespa crabro,15.86,46.87
-4.81334792761247,-0.58261345369991,1.358919010653741,-2.8609112305057205,Vespa crabro,9.77,45.89
0.2555221369444257,0.4211167770186562,-0.04188698972322181,0.6131947276131977,Vespa crabro,4.65,51.8
0.23226589636762016,0.04970792206842593,0.3989750165676486,0.7195492404206373,Vespa crabro,6.05,52.75
-2.160758923701845,-0.4170413397907046,-0.7698704805935864,1.2964721355968205,Vespa crabro,-3.17,51.86
0.6097839017560658,-0.9855040819484531,0.7129996794309564,0.5257980462063354,Vespa crabro,3.21,51.28
0.2773306392117271,1.1097919756619299,0.2771072238742371,0.41896365044769274,Vespa crabro,8.6,53.59
0.19434241835781124,1.257255702523841,-0.23577378249514794,0.4959034453825893,Vespa crabro,5.45,51.85
-1.5003584752321868,-0.452483737584018,1.9644624716181438,-2.018151609913101,Vespa crabro,20.44,48.04
-0.08628620257805711,-0.1309006829855143,1.5827486190151128,-0.2666338794534609,Vespa crabro,10.64,51.12
0.07055345163987142,0.6615604868409272,-0.3078445272880359,0.7379836491785968,Vespa crabro,4.6,51.9
-1.278583757145426,0.9110818845131852,0.25828540483066653,-1.6462809539155014,Vespa crabro,11.26,46.45
0.08290469705563927,0.8261579760124429,-0.09751310634093424,0.6262270931068644,Vespa crabro,6.15,52.1
0.2745907360459821,-0.9652334635377121,1.3864225137084287,0.13005084215638696,Vespa crabro,-1.7,52.38
-0.30412768651918953,1.1718729114787327,-0.4189924638433097,0.2507343722454513,Vespa crabro,7.19,50.7
0.45785829403666106,0.9760073071936348,1.1859604766076908,0.2377818274798779,Vespa crabro,12.23,55.57
-3.04875814034187,-1.231504463793781,-2.912922956904806,1.556170132713064,Vespa crabro,13.11,46.31
1.074371552292416,-1.8467211719801153,-0.33785578138244443,-1.0558119986727101,Vespa crabro,21.59,39.72
0.5782458021880726,-1.8490235217211428,1.2298675090843898,0.6708144764619215,Vespa crabro,4.6,51.55
2.0828401154197707,1.1626309685502618,-0.7482229577340036,-3.208297599318186,Vespa crabro,12.07,42.14
1.0354656132576192,0.020051579093224324,0.8759323884867053,-0.22572951493272078,Vespa crabro,0.59,51.45
0.2312347570231784,0.3683618581225001,0.21494934042835606,0.5407278485843566,Vespa crabro,5.6,51.95
0.4358759169365258,1.362621643639865,-1.0033515802417725,-0.15246239099289496,Vespa crabro,-1.5,48.08
0.33430384377745137,1.8401300323016068,0.6193509182409365,0.04136366536079767,Vespa crabro,11.89,54.11
-0.20082321616389404,0.5249149836322087,0.5644045152564873,-0.8343099330363752,Vespa crabro,8.29,50.11
0.17101237819477555,1.7019982909854825,-0.10064649260799623,-0.9172267368375203,Vespa crabro,22.13,46.68
0.1836801584843462,0.3530292543189526,0.01601199913681178,-0.10339314965272106,Vespa crabro,8.23,49.1
0.16747512867732386,1.7279569353268258,-0.45199692749483644,0.5020134092685469,Vespa crabro,5.15,51.95
0.2714378258109858,-0.8085126009692906,-1.2685334990633474,0.5156733559126101,Vespa crabro,11.8,45.67
0.374017296840405,-0.8800888648031899,0.6156718430001185,-0.19889555174311938,Vespa crabro,7.68,48.52
0.6786739304375157,0.6428784074783442,-0.4245414603225578,-0.15429474060526613,Vespa crabro,-0.12,49.04
0.7058367872244666,-0.1935255290582367,0.8703960291547159,-0.38451014767200953,Vespa crabro,8.58,50.01
0.3771905068433233,-0.5396662955130684,0.7399631127178885,0.6217491138546124,Vespa crabro,6.2,52.15
0.6740065576143653,1.506041354219072,0.6678473170754904,-0.25702783053359135,Vespa crabro,13.32,52.49
0.34788270010689637,-1.2036716700093695,0.9934984641707566,0.805334014648473,Vespa crabro,4.9,52.3
0.49693900633870286,1.4565363072397013,1.2601880728478854,-0.3723434114476563,Vespa crabro,16.66,52.26
-0.017469182391356402,1.6191021824913865,-0.6404426713179612,0.5986952087289199,Vespa crabro,4.6,52.35
-0.01029000895323991,-1.0521214769905851,0.346699045246653,0.40849235015797747,Vespa crabro,8.27,48.97
0.8852987151191195,-0.07078635600038935,-0.9427364891230235,-0.5392781416619643,Vespa crabro,1.39,44.02
0.4415227312066872,-1.3258197630245254,1.5529553030085863,-0.2616251755348356,Vespa crabro,-1.6,51.82
0.30624732547461714,1.743217889315147,-0.5474812794763244,0.12977613337979063,Vespa crabro,5.85,51.05
0.19361085329808547,-0.03613866195638923,0.548715566444201,0.5702197728280539,Vespa crabro,6.45,52.35
0.13901541844897736,-1.72650065304199,0.8002629491963367,0.5884340187187386,Vespa crabro,7.07,51.6
0.3161500836745381,-0.3660389567119704,0.32654603497058243,-0.224153633159438,Vespa crabro,7.7,48.57
0.44256492308210804,1.6559646686516494,0.3970285184925296,-0.5516745881051683,Vespa crabro,12.37,51.3
0.37780538326533647,0.29834365510431315,-0.18797500305751014,0.2693705373698364,Vespa crabro,6.77,51.25
-0.1332890848815639,-0.48182718202440294,2.3339655051687367,-1.2294566890111165,Vespa crabro,14.31,50.07
0.11528282517492058,1.8443243196890136,0.6533526421730749,-0.02791925187404092,Vespa crabro,10.52,55.18
-0.02589030233771692,1.3053831480812266,-0.5397713955547843,0.7083019621304543,Vespa crabro,4.4,52.1
1.1114341922495874,-0.41074011219861073,-1.4387696274309636,-0.1285809616318833,Vespa crabro,13.86,44.86
0.6473567320356083,-0.18428514131373536,0.5410186072835979,-0.2486444268529979,Vespa crabro,8.45,49.45
0.5934241945695653,-0.3896474975831228,0.3699274037040279,0.44315964030474386,Vespa crabro,3.9,51.25
-1.4921698616123356,-0.06526607816536166,1.12499866169249,-2.0987444169359972,Vespa crabro,11.28,46.31
0.2485806333657609,0.2719761937368232,0.07952534620079935,0.4940254325196855,Vespa crabro,4.9,51.4
0.26456109109885684,0.5666459632268427,0.4786832736425809,-0.15318609528446567,Vespa crabro,-1.98,51.51
-0.04869223811561534,-0.041905541987544814,0.5373932941095432,0.45245085314454075,Vespa crabro,-2.07,52.29
0.5545818579763103,-0.11411927826231828,0.5304951236815069,0.31786996865614,Vespa crabro,6,51.25
0.09985564697161714,-1.2846199517110357,-0.3803377291171435,0.06951799737842516,Vespa crabro,8.61,45.45
-0.8282053907369392,0.00978996195869939,-0.8945593799217308,-1.929784382365621,Vespa crabro,15.2,40.74
-0.6047721730764075,1.175643441357948,0.5616979549558684,-0.4148602756162182,Vespa crabro,18.17,49.83
-0.46962470805286777,0.9588994995056842,1.4198131074361695,0.0822935568555088,Vespa crabro,18.43,54.49
0.22436018723217183,0.4274407724979099,-0.6635428273260757,-3.291731510949397,Vespa crabro,23.28,40.52
-2.495836328926158,0.6699837943174354,0.5053178457255413,-0.3717845127410221,Vespa crabro,19.05,49.77
0.4216104252533363,-1.0307875494731424,1.2087376269829468,0.39549859910397656,Vespa crabro,7.65,52.03
0.13024608297063056,0.33574135968209656,0.08183505491177667,0.6653669322632332,Vespa crabro,4.55,52.35
0.938680187459013,-1.0202361673570515,1.6860383780333525,-0.3562557762553467,Vespa crabro,8.05,49.99
-0.19834088152167031,0.5975794203462936,0.021609328602107906,0.2087399322817556,Vespa crabro,9.14,49.93
0.521057289678362,-0.20024505158547629,0.29278835038709594,0.44741431704700174,Vespa crabro,4.56,51.09
-0.37035538353179115,-0.0880555762345955,1.2081238339669884,0.9796730345609662,Vespa crabro,9.23,55.48
-2.821441294108156,0.4147239050560035,-0.12362942096463957,-2.822029183171417,Vespa crabro,21.13,40.8
-0.4971209333095331,0.9716468590117104,-0.5333928626956091,-0.3627905981790162,Vespa crabro,7.55,47.62
-6.187192730415474,-1.345119989563581,-2.050375600437422,4.200103598293888,Vespa crabro,13.74,46.2
0.16952304595120268,-0.6050769445050708,0.9759161436116202,0.86497542935524,Vespa crabro,6.05,53.35
-2.988214999362647,-1.3232970243261821,-0.1978830721641853,1.0539314077130764,Vespa crabro,13.06,47.79
0.2877775230731162,0.9888748516394597,-0.10515094662290056,0.24448400423353464,Vespa crabro,6.63,51.79
-2.2287530884295066,0.1747121460571577,-0.664718233247506,0.2036019475677038,Vespa crabro,6.01,46.16
-0.13284622145614278,-1.1067401839985354,-0.884729271710416,0.7769378175219499,Vespa crabro,-3.96,47.93
0.37012847018920897,0.9186103488183196,1.9785099835730349,-0.34561224180785943,Vespa crabro,21.85,52.7
-0.19161262362391485,0.7003925752913341,-0.03365013808209083,0.22406181596558272,Vespa crabro,9.12,49.93
-0.31318967398090675,1.4915398570106622,0.6205747482373283,0.9022562392244936,Vespa crabro,20.48,54.96
0.7044649705269331,1.6263496104267474,0.48032456570295073,-0.17800542150984097,Vespa crabro,11.86,52.96
0.1991857651204069,-1.286088935147873,1.061801182524849,0.3620663426156606,Vespa crabro,0.31,51.16
0.6412215703074433,-0.5021302534194223,0.4131215356919805,0.4274232086435743,Vespa crabro,3.75,51.3
0.3078287124214414,0.7085068346078413,0.07291544650620406,0.43869989144755134,Vespa crabro,6,51.85
0.6090860142442598,1.8512962206940222,0.32202287815418,-0.07316021675646292,Vespa crabro,-1.14,53.99
0.041152216721183084,0.019794637279004955,-0.16808681583272883,0.6125223149596988,Vespa crabro,7.11,51.55
0.1892580352407251,0.8630975531605449,-0.12853980944375573,0.4734963921505075,Vespa crabro,5.85,51.85
-1.8631844694545194,1.4071751995091144,-0.049237673283066996,-0.8938381766776775,Vespa crabro,10.27,48.36
-1.1287540668420188,1.37989092835231,0.18049396033770945,-0.7460185500865938,Vespa crabro,11.47,48.71
0.5367907851715585,-0.2866128357854943,0.8435836934232355,-0.4523654650952811,Vespa crabro,8.64,49.86
-0.9054176936242283,-0.0634116826366759,0.28419237043824314,0.010383581240262988,Vespa crabro,6.25,50.76
0.6647483743709082,1.3034405455788116,-0.21903090388662927,-0.4203407146386409,Vespa crabro,2.75,48.34
0.7943771092639392,1.8063362742204518,-0.25048379863190096,-0.2554224775654824,Vespa crabro,0.03,51.57
-1.1088591898737585,0.870256641453382,0.09385584344647369,-0.12352659821610124,Vespa crabro,7.89,50.45
1.201718840949643,-1.2238018027683477,-0.20801960551401583,-0.09704947352649475,Vespa crabro,10.26,45.08
0.3606229058839858,0.5344091034669745,0.14481770566736413,0.37052610566393185,Vespa crabro,5.6,51.5
0.2549107937684885,-0.9031373382035386,1.6032288817330635,-0.6932701757697581,Vespa crabro,16.29,48.15
-0.5842203184955436,0.16539053238093748,0.865945849831379,-0.696038018211468,Vespa crabro,11.09,49.47
-0.4214295940588947,1.643320243167554,0.2778890141952829,-0.3573092639034014,Vespa crabro,19.96,50.07
-1.924713258065863,0.9835464037976065,-0.7563279560399777,-0.35857976548318987,Vespa crabro,15.52,46.7
-2.205729064791693,-0.23127650053710092,0.04048322919474416,0.23686362835855726,Vespa crabro,7.92,50.97
0.13137481493560244,0.3273930847879317,0.05462085721307127,0.7254112637358212,Vespa crabro,4.3,52.05
-1.3211891825045028,-2.302202787689132,-0.5315990338336206,0.8343196031240865,Vespa crabro,8.63,45.87
-0.16786871737614212,1.0273032587005317,-0.09328799743494869,0.8498979417534852,Vespa crabro,6.3,53.1
1.0691422425976478,0.040916637025811955,-1.1804106876866303,-0.01762962415265051,Vespa crabro,-1.05,46
-0.9645076330806406,1.8413997150133934,-0.040695005958087636,-0.5016880479954042,Vespa crabro,11.01,49.6
1.2453520135224565,-0.7138950963923979,1.0903522788369746,-0.8353989329634202,Vespa crabro,19.04,47.58
0.7554577979611713,-0.5138402514446552,0.9868995582785078,0.054042110029297,Vespa crabro,0.35,51.18
-0.15652792997156045,0.6368982550717761,-2.2983413499985503,0.25500797294249306,Vespa crabro,0.39,43.93
0.39760057603335264,0.24822415070469564,0.3522311229442129,0.45859456242819013,Vespa crabro,5.75,51.75
0.48755475219861416,1.5280790458047626,0.741111466015957,-0.1630796000943687,Vespa crabro,13.43,52.76
-1.2428552581558712,-0.9775304282925691,-3.840114919974134,1.6572905967503175,Vespa crabro,-8.71,41.64
-0.25965535546120866,0.6692655610316769,-0.4417063263622734,-0.42704751226566356,Vespa crabro,7.6,47.84
-5.319686631430969,0.38044506535089984,0.6580682774530954,-1.6020124093052508,Vespa crabro,11.33,47.27
0.11205539698000107,-0.8529562438496794,0.7076885034222592,0.5166631485756128,Vespa crabro,7.54,51.58
-0.1223569924685421,-3.1231197356409317,-2.1318275099165054,0.26239265178701104,Vespa crabro,19.91,39.73
1.044276601539009,-1.3380181278932832,-0.9723356774343892,-0.21378283109254717,Vespa crabro,12.48,44.02
1.0428405775014729,-0.8901139949701377,-1.6949768856259975,-0.8951369374957624,Vespa crabro,6.52,43.17
0.45267479248354847,0.7022035072912687,1.0761665215466272,0.11274299446053744,Vespa crabro,11.47,53.62
0.252126469083239,-0.6833542793613254,0.4528316631186622,0.83765643074560725,Vespa crabro,4.55,51.85
-0.5923817785273823,0.8313183781992739,1.4792002377532123,-0.5323331250258092,Vespa crabro,20.61,50.88
0.8009063686484202,0.9704760244645697,0.10861914981184158,-0.6103022978449583,Vespa crabro,21.27,45.8
1.1805843768925828,1.261891756153984,0.4057517476333109,-1.393526559398012,Vespa crabro,28.69,44.87
-2.457872046651302,-0.5102363504652504,-0.728099383239771,-3.2326594159401765,Vespa crabro,22.23,38.08
0.5536738104690294,0.3387170643287712,-0.5999504686634103,-0.33621319770269437,Vespa crabro,1.1,46.64
0.5629252040500978,-1.214613858507337,1.1024887665944594,0.5360247252553404,Vespa crabro,5.35,51.55
-1.4386241166047418,-1.4053042664352506,-1.2975015520802216,0.6634883178609247,Vespa crabro,8.69,45.8
0.10484857667798445,1.5482212968250693,0.10440903914387574,0.5329138800492915,Vespa crabro,9.9,53.49
0.21739664932616654,0.2850803862516429,-0.6919705400119303,-0.09179675711179858,Vespa crabro,-2.15,48.08
0.20013396533478897,0.9957842893262231,-0.21640256860780302,0.5391712633140673,Vespa crabro,5.1,52.05
-0.013478875367888145,0.9054830523038168,-0.10981572647082213,0.14747111615985586,Vespa crabro,-2.18,51.42
-3.4336015682386924,-0.9132892848304774,-1.0011083604678477,1.893337388824506,Vespa crabro,14.88,45.47
-0.09137103125042138,1.3175655794463619,1.1163349310756434,0.4787195584099531,Vespa crabro,9.81,56.6
0.12663689857978414,0.2862907377346061,0.10836117799369763,0.6575821972943082,Vespa crabro,4.6,52.4
-1.2879240842163235,0.9179155176953391,-0.5371931234180052,8.649455448666867e-4,Vespa crabro,7.07,49.27
0.22802936376676033,1.656271056373196,-0.3976234749441196,0.19233079055617133,Vespa crabro,5.9,51.4
-1.1448371125110044,0.5470636706571237,-0.07901971279051268,-3.8352039617904228,Vespa crabro,-0.14,40.39
-1.1884312837809643,1.1231632545339085,0.5589134398498403,-0.9087697936916771,Vespa crabro,10.18,49.37
-0.6368007064168464,-0.5468783346486913,1.3962102371508516,-0.3319416238876263,Vespa crabro,9.94,51.36
0.3019691035023983,-0.33917734409541633,0.5085973405832218,0.4859428442756126,Vespa crabro,6.71,51.82
0.05548549520084099,-0.41835993893356094,1.219268616776276,-0.39587456032258117,Vespa crabro,7.47,50.33
0.8089507923168016,0.6272662106272666,0.9734729013826545,-0.20611372304872363,Vespa crabro,13.42,52.51
-0.6386839615711534,-0.4640677932960114,0.8633060097942205,-0.33393462854740485,Vespa crabro,16.16,46.96
2.7460335922187813,-0.08886086041180365,-0.011747293392733895,-2.8716119933559923,Vespa crabro,12.19,42.1
0.509799780452458,0.5836131333250507,-0.17271827541629256,0.36711798509285337,Vespa crabro,3.65,51.55
-0.3977962095782694,0.17886812864156024,-0.0860827221061962,-0.31261534787055273,Vespa crabro,7.55,47.62
0.16783754497103662,1.4267262097380717,-0.6184112309754151,0.4634911005596603,Vespa crabro,4.6,51.55
-5.560108570136194,-0.32285844219477866,-1.5958516931895756,2.410127110821578,Vespa crabro,14.08,46.36
-5.2772504180050746,1.0583890005190677,0.14845878836108198,0.8293759050353646,Vespa crabro,12.85,47.43
0.5016255130942477,0.22648882708722035,0.29087599611592463,-0.17113115016980282,Vespa crabro,8.61,49.66
0.3799340064580251,-0.02105435596378737,1.0300791667207903,0.03845156290038271,Vespa crabro,-1.56,52.35
0.1258456603044599,0.29983980474528266,0.2230316010947246,0.7055528293047503,Vespa crabro,5.15,52.2
-2.7797164907798315,0.2345296500083104,-1.1339733295826913,1.1029014922815108,Vespa crabro,8.01,47.53
-0.06282796142548344,1.7290880050928341,0.9583513432310032,0.3931823881086153,Vespa crabro,9.84,56.48
0.6721684773855974,0.8691620012893745,-0.035172119870523835,-0.3956865170348182,Vespa crabro,2.61,48.29
0.8849829486022243,-0.45803163659651513,-0.38276854089631673,-0.09308332608169048,Vespa crabro,-1.62,46.68
-0.9509876765948081,1.6018618790087726,0.3657830370486634,-0.20969222407235907,Vespa crabro,14.77,50.89
0.7175650603072052,-0.19695600769805421,1.0104367825662877,-0.7179380638473325,Vespa crabro,16.49,48.19
-0.6038158502596361,1.5209971759354723,0.03370111061912216,-0.2460582194249347,Vespa crabro,7.23,50.11
-0.3900745522068961,-1.8027875016265746,-0.7446339784186393,-0.5040206219030733,Vespa crabro,13.88,45.15
0.30695447850708435,0.8979246734217649,0.5068796169001961,-0.23358515218071219,Vespa crabro,-0.12,51.94
0.3348223256728067,0.6842896290709469,0.03244445912262117,0.4267569247413783,Vespa crabro,5.45,51.6
0.05141469634268519,1.4503832596466064,0.10726978976099535,0.447961281710747,Vespa crabro,9.82,53.56
0.6075893184550667,0.5287427177105738,1.8057483532343293,0.11609883327965133,Vespa crabro,10.86,56.43
0.7011518032105399,0.4824885544612457,1.3139514358338837,0.14436953364135613,Vespa crabro,11.91,54.74
-2.3531526805343255,-0.22491483658098546,-0.09217092620463281,-0.5336973507807111,Vespa crabro,11.64,48.07
-1.2961817198499797,-0.04437499466535276,-0.5884112165013474,0.9675576604428574,Vespa crabro,7.05,51.26
0.5355680220657273,-0.632681471374869,0.8971033897174168,0.31219885661185787,Vespa crabro,5.59,51.24
1.0832722502819028,0.5864976078300875,0.8552836022204706,-0.2621594784376307,Vespa crabro,0.15,52.21
0.1820081324168014,1.189006193603754,0.1418073101021495,-0.3589406780988795,Vespa crabro,-1.63,51.81
-0.19555159032648528,0.4238644205883226,0.7500470082562077,-0.3269925920758333,Vespa crabro,8.2,50.4
0.24550763125267686,0.82278505354986,0.008909439717784028,0.5197630877934876,Vespa crabro,5.4,51.85
1.84113714556415,0.5813045214266443,-2.0218096167830772,-1.5228352000083463,Vespa crabro,12.42,41.95
0.03442719745419786,1.1005375911896593,-0.34968649925274203,0.6169627043484093,Vespa crabro,4.6,52.45
-0.35758399707934174,2.443566762437189,1.2919571574139503,0.17318666294967403,Vespa crabro,13.55,58.52
0.3316254851974418,1.096375637138084,-0.09347031207747343,0.25074680304893576,Vespa crabro,5.7,51.35
-0.22661112000199082,-2.023313977961145,-1.0077567855913445,0.39268848466139533,Vespa crabro,9.17,45.59
0.6383469607047442,1.0173874888426448,0.5861134751942327,-1.0287097272810957,Vespa crabro,19.52,47.4
-2.1846098557469817,1.4291923251767955,0.3686541363376488,-1.0609150294188134,Vespa crabro,12.42,50.51
0.1705152670146143,-0.3661748912107769,0.21754319287772617,0.4175641994211535,Vespa crabro,-2.8,50.91
-2.3825370242064565,0.758949044793977,-0.5850194712764893,-0.4972919862462208,Vespa crabro,7.22,46.9
0.2550545422331403,0.5749137799450956,0.18177525246447906,0.4556291208785782,Vespa crabro,6.55,52
1.7952074116458179,-0.1905477551063766,-2.492228730482049,-1.2294758237952825,Vespa velutina,-9.19,38.76
0.44929766576396263,-1.1910280139998775,0.8548600383300633,0.41528287043592704,Vespa velutina,5.49,50.92
0.18766582578152102,-3.1450459375319513,0.2463578478986598,-0.6233755959715096,Vespa velutina,5.1,44.3
-0.1610787092086632,0.9067512845927105,-0.32210288132452175,0.2630143802963762,Vespa velutina,5.65,50.8
0.7452877924250146,-2.2205832013547244,1.303265108244262,0.49251193790164194,Vespa velutina,4.41,50.92
0.6658287011872223,-1.1792615545854221,0.6130455757821393,0.4753080778732443,Vespa velutina,3.72,51.05
2.1820486867336717,-0.9542368018382483,-2.233852001500149,-1.2257968264657897,Vespa velutina,-9.15,38.72
0.48661397376517307,0.624923465516958,-0.01581138847095156,0.41571557354471433,Vespa velutina,3.03,51.21
-0.8142903445384688,-0.8024481447832459,-3.212405965863279,1.0676206561017414,Vespa velutina,-8.29,41.09
0.3947271503187578,0.750105912445497,-0.22041869297791344,0.4193588079128476,Vespa velutina,3.91,51.51
0.576716189454842,-0.7610184310523289,0.45521578037406174,0.5188712678440278,Vespa velutina,4.26,51.22
0.8997042782051308,-0.9402596386194053,-2.317959752057917,0.09875645973363015,Vespa velutina,-8.61,40.64
0.2845654180546996,0.30941766537344423,0.4320090187403364,-0.3442777894680194,Vespa velutina,6.88,50.8
-2.264282166596431,-0.6205025389592536,-0.9274343499524005,-0.6901310440073886,Vespa velutina,6.35,46.49
0.3261601579027971,0.4098117792658851,-0.05380136459223686,0.3763700786497385,Vespa velutina,3.6,50.82
0.3754972749724956,0.08056181520196393,0.15430886817206949,0.35684047886764936,Vespa velutina,3.88,50.78
0.44752583487647907,0.026841598293984338,0.04914596750354804,0.46243601115479377,Vespa velutina,3.71,50.98
0.5019599409422966,-0.42839635580205415,0.34263681931439877,0.39460330181931386,Vespa velutina,4.1,50.88
0.19847408370933267,0.7168320262223618,-0.29562519667753107,0.24773468081753586,Vespa velutina,4.18,50.9
-0.0736590762416146,0.2683361949085198,-1.1391747742149836,-1.5416929253496663,Vespa velutina,5.89,43.76
0.051246706684358545,0.8542113356990089,-0.1130967235117755,0.5774010278518497,Vespa velutina,5.3,52.1
0.569294979698318,-0.3824318187507372,0.6514171779650646,0.2606711052662272,Vespa velutina,5.9,51.1
0.47442875147964203,-0.8347150337172758,0.5608908043138066,0.33300349613298585,Vespa velutina,4.14,50.92
-2.064673690941867,0.157330088155677,-0.0369231477068202,-0.07666268737871879,Vespa velutina,5.79,49.8
0.5610069920623195,-0.6470942056921222,0.6899796329554657,0.40162984605522717,Vespa velutina,3.15,51.18
0.49970815033606036,-0.04803188827216827,0.12107554813878763,0.4482421225631424,Vespa velutina,4.3,51.13
0.6014592888061628,-1.650575895458394,1.5117646153269444,-0.21085101866289643,Vespa velutina,8.71,50.14
0.18143872189277271,0.5757414466855231,-0.3042022466053641,0.4071209661484784,Vespa velutina,5.28,51.04
0.32485833992433905,1.1712948796334008,-0.4903470811005253,0.21228469153831017,Vespa velutina,4.75,50.92
0.32876339756644485,-0.13520423226353065,-0.027024495548646145,0.3443951792047295,Vespa velutina,6.9,51.15
-0.6923450958730398,0.8114080797308462,-0.5599831905935638,-0.5126940017158431,Vespa velutina,4.35,46.68
0.3796613547134052,-0.19727571408440028,0.3262677994477893,0.25074926972790335,Vespa velutina,5,50.78
-2.5721951458067323,-0.48570830142684795,-0.6997845454764599,-1.7692528354386081,Vespa velutina,-2.31,42.85
1.2486579463675334,-0.611002153863942,-1.231469290928824,-1.0939847938982137,Vespa velutina,2.85,41.73
0.15793426229482174,0.4267635428350719,0.017397237673149935,0.19347520231590476,Vespa velutina,3.95,50.39
1.2302590136908758,0.023048991542719985,-1.3477488293703175,-1.4159590426786868,Vespa velutina,1.87,41.55
0.541930416794636,-0.4604821418005335,0.36578388144585533,0.4366537921725652,Vespa velutina,4.04,50.93
2.0209187816079313,-2.5052951026117602,-0.4048220230667561,-1.3115846738615569,Vespa velutina,2.15,41.48
0.4067118494177045,0.627833539239448,-0.388092434937125,0.40257953277722364,Vespa velutina,4.39,51.21
-0.322225370200324,-1.7320933880567377,-0.5772748012751,1.2181675448586016,Vespa velutina,-4.4,48.41
0.4613496584133257,-0.9091805368316749,0.6312148356227395,0.5335799159490403,Vespa velutina,4.47,51.39
0.20720846334894458,1.4433619998669602,-0.33284629693360135,0.2752610250177875,Vespa velutina,5.9,51.55
0.3539998343638015,0.39309779387703203,-0.09721996800036585,0.4539366393861316,Vespa velutina,4.76,51.19
0.36785108532104865,0.7245309838299593,-0.3108522765248325,0.3583427310831774,Vespa velutina,4.45,51.16
1.9521962995590019,-0.30681160822161313,-1.3662948551547107,-0.9072075429111263,Vespa velutina,3.9,43.61
-1.467108525940343,0.041110194635859874,-0.0906967455834666,0.2021581826045983,Vespa velutina,5.83,49.54
-0.1897795631643007,-0.26698246229231315,0.45633386538952925,0.19595373261621038,Vespa velutina,4.91,50.47
-1.5194716970941888,1.3116676726218046,-0.68597609220018,-0.05405321794757698,Vespa velutina,5.91,49.66
0.49993864121161385,-0.1774889840526198,0.2051934796700945,0.4114667319584678,Vespa velutina,4.02,50.94
0.4579233508400367,0.3186553883411616,-0.11254446166988323,0.435030612998645,Vespa velutina,4.09,51.02
0.48165746923412145,0.4722437954975967,0.047751550949005454,0.15933874363300016,Vespa velutina,3.15,50.68
0.617660531337942,-0.6955624641985108,0.5172373436466112,0.436304528504194,Vespa velutina,4.76,51.09
0.23379078037696294,-0.6890516475225971,0.5869254910758076,0.8454449385592296,Vespa velutina,4.45,52.05
0.1131891666164517,-0.956934555674302,0.83243934944821385,0.13322177434523447,Vespa velutina,5.9,50.85
2.4649925013630587,-1.7604785798394325,-0.7927054672155857,-0.9913431399146012,Vespa velutina,2.2,41.43
0.4534772840752489,0.33282453413035507,-0.22026384301033647,0.4321652411408995,Vespa velutina,4.45,51.22
0.6233080913554251,-1.5587991245990684,0.9406038709867314,0.5373246554531412,Vespa velutina,3.78,51
0.3858936658510893,0.3450121002516471,-0.030093159671947402,0.21728433396895636,Vespa velutina,4.68,50.86
0.23653441591761593,0.28606029662288135,0.14299013373601083,0.428690092810256,Vespa velutina,5.1,51.35
-1.01376089180426,-0.3620282600714013,0.43218833754952307,-0.18139852367094908,Vespa velutina,6.14,49.64
2.329706345941733,-1.5839627525250486,-1.7170392359642115,-1.132644723544178,Vespa velutina,-9.14,38.6
-1.610138846939781,-0.6405273314881558,0.7958848561145576,0.05700277471309069,Vespa velutina,6.81,50.09
0.39712885929329017,0.6473609880303736,-0.26455971440306825,0.3850558129588392,Vespa velutina,4.38,51.1
0.4485545886363309,-0.0768696956701839,0.20932096264478944,0.25489986678742066,Vespa velutina,4.82,50.92
-2.1620686082196126,-2.240460745776188,-3.1277562682162,1.5202440989429895,Vespa velutina,-8.54,42.88
-1.8940882725453931,0.8116759426048666,-1.1687394698259121,-0.12202737424907359,Vespa velutina,6.14,46.23
0.48501621939923584,-0.12759732934542034,0.03585249575868148,0.4322002192192781,Vespa velutina,4.42,51.2
0.19077613063162674,0.9688932866870152,-0.22265795102964023,0.4806508484337025,Vespa velutina,5.05,51.6
0.6150080675542269,0.19065987480903515,-0.277198553160112,0.048689746114859815,Vespa velutina,0.15,49.51
0.8645636258012745,-2.6944732624103622,-1.2542498603970331,-1.1886458953427401,Vespa velutina,-8.39,39.78
-1.1311932791914603,-3.0605884116313726,1.139383799024507,0.4762663069559063,Vespa velutina,8.47,48.9
0.29614985055343224,-0.5551845703155183,0.7753960206288844,0.2441965850573213,Vespa velutina,5.59,51.04
0.21027036791551346,1.5785965614775819,-0.3980222617726577,-0.05221332570036102,Vespa velutina,2.76,50.78
0.2732943163703776,-0.20657968441770577,0.2333648528095804,-0.25971299372991397,Vespa velutina,7.71,48.61
0.4826050550314491,-0.11314114153872734,0.16316353677540674,0.4222737830454182,Vespa velutina,4.39,51.14
0.47701484929738847,-0.11459083466843949,0.1181981127459146,0.43503321462787964,Vespa velutina,3.43,50.89
0.6693477036353638,-1.889487042519573,1.278797365309177,0.65549440749086485,Vespa velutina,4.4,51.55
0.3278481999200067,-0.07951849086137633,0.05145144011244148,0.28727184651121507,Vespa velutina,3.51,50.88
-0.8029472517542499,-0.15412324025690596,-2.9139276631234345,0.6682023180961812,Vespa velutina,-2.71,43.37
0.25350452677123586,0.6664486416087799,-0.16091200680532824,0.5848908092136206,Vespa velutina,4.15,51.85
2.1358880245661966,0.09795995569772215,-2.6009773424378815,-1.0788579357437211,Vespa velutina,-8.62,39.21
0.6955029562246812,0.4417405262237386,0.28176823707588267,-0.042602227826008164,Vespa velutina,2.28,50.71
-0.7068532522572202,-2.185604608015725,1.4721097037621136,0.021332138328666556,Vespa velutina,6.13,49.59
0.43191377495465094,0.055630945707087084,-0.011523147008083925,0.41988914459874843,Vespa velutina,4.18,51.17
-0.4923793967526761,-0.05746656412252968,0.029842357301185816,-0.4359077529906281,Vespa velutina,7.58,47.56
-0.827007721260599,-2.5929942992981996,-2.8273355545076915,1.5944406446895594,Vespa velutina,-8.56,41.46
0.46307950695116573,-0.2710610264698725,0.3175142449799095,0.2562758232173337,Vespa velutina,4.68,50.85
0.4543744587663855,0.3730465976086894,-0.10657374236961072,0.42788439516769183,Vespa velutina,4.43,51.03
0.4349605417209492,-1.0322819419389544,0.905549697517853,0.6000296249941078,Vespa velutina,5.05,51.55
0.32048560996146125,-2.1070533062238774,1.3294659688422803,0.3693113780205261,Vespa velutina,4.4,50.81
0.6725241111543822,-1.3706506520852944,1.216277367321817,0.34782304278187204,Vespa velutina,6,51.4
0.42430166183333423,0.4352651860909491,-0.2803564069678965,0.4074909312278253,Vespa velutina,4.36,51.17
-1.1330184364324631,-1.252047603315999,0.46704930237623155,0.08309092258358053,Vespa velutina,8.75,49.43
2.245179778567123,-0.7721528232674583,-1.0405452269742004,-1.0935188401749152,Vespa velutina,3.61,43.45
0.3097657252315774,1.1620640746003046,-0.5581803816559255,0.3270129439149555,Vespa velutina,4.45,51.12
0.2958851879639418,0.4366322557464789,-0.1363144525489042,0.34765928021120274,Vespa velutina,3.98,50.92
0.27823619517820314,0.6827743978171642,-0.32943895316854366,0.4917067156321171,Vespa velutina,3.34,51.14
0.5315199351011094,-0.7645196915002215,0.9479023875532684,0.4635840513467302,Vespa velutina,5.7,51.55
0.421891139302887,0.2836216805704856,-0.09482029279081536,0.4534606293273518,Vespa velutina,3.71,51
-1.0144527897415467,0.0869562377065816,0.18665162808697094,-0.14796617904310547,Vespa velutina,6.12,49.61
1.533431484846219,0.003938520328341121,-1.530877843748303,-1.3038854909381639,Vespa velutina,1.87,41.45
0.4329671330893013,1.1229230138953419,-0.1899633587452435,0.2628639522896596,Vespa velutina,2.87,50.9
1.92410045240316,-0.04315902341352418,-2.76808320279285,-1.4435383437512541,Vespa velutina,-9.15,38.77
0.32140963224040453,0.7259263239358543,0.08040446798882829,0.41016981618328596,Vespa velutina,5.82,51.83
-1.1813067639740849,-1.5127094877779332,-0.43632411956589495,-0.8522605343938813,Vespa velutina,5.12,44.38
-0.4801213346427798,-1.7306531885330108,-1.6622574673233914,1.041543882278692,Vespa velutina,-2.34,43.29
0.4570795677078588,0.033282836476675536,0.11857045252679636,0.25496129119126226,Vespa velutina,4.98,50.99
-0.6764232264178364,-0.4881209274141872,0.732121795801727,0.03400552230480136,Vespa velutina,6.1,49.74
0.47157866885047545,-0.737366788874202,0.5466465082134035,0.4681414491997916,Vespa velutina,5,51.3
0.7599090758638568,-2.1066849457563253,1.368460368843832,0.5680735820141646,Vespa velutina,4.5,51.02
-0.49776340844903916,0.796748734195485,0.2624597353356866,-0.3602738478949419,Vespa velutina,9.21,48.81
-1.0160261003039737,-0.005987177091773705,-0.02713398193890464,-0.8310690332540567,Vespa velutina,7.66,47.71
0.5048388016803336,-0.2075569540269233,0.08234361367450815,0.44817537513208733,Vespa velutina,4.47,51.2
0.44830994923251377,-0.15317505833970416,0.25099935632591625,0.24881477799475937,Vespa velutina,4.68,50.86
0.545095429699157,-0.13734852650528992,0.02654164122484843,0.4202795110445858,Vespa velutina,3.71,51.11
0.88771071802576,0.7880803759193433,-0.3499251304792352,-0.5186489312903,Vespa velutina,2.46,48.84
0.9396034331105377,-0.169123678589222,0.21106654223781737,-2.4526201453600693,Vespa velutina,-2.43,42.47
-0.6514135101985452,0.5795779156685595,-0.748484377410332,0.6499994248949994,Vespa velutina,7.02,51.38
0.1299972361907392,0.0045206803230312285,0.3092128775268661,0.22517368353206615,Vespa velutina,5.95,50.9
2.4953427659620564,-1.4186847801886877,-0.5286149035858128,-1.2121999667358074,Vespa velutina,3.01,42.3
-1.0374277900928028,0.3588038229901929,-0.4001209741419963,0.3122121959413961,Vespa velutina,8.8,49.4
-1.7816415059822264,-0.10061299009250751,-0.16957078747017978,-0.21731259555713653,Vespa velutina,4.51,45.47
0.3984626765000548,0.8454028716170291,-0.372633199351763,0.4016269579543219,Vespa velutina,4.34,51.08
0.40273497290321847,-0.3183080389520419,0.30790827619381694,0.423428266258434,Vespa velutina,5.13,51.18
0.547487986522205,-0.18253116233551953,0.05157659435795551,0.41950097542004117,Vespa velutina,3.76,51.05
0.3913120977149371,0.12006181270047239,0.2867828925369789,0.26710108363187035,Vespa velutina,5.75,50.95
0.4373130529548989,0.4879283462230649,-0.30731970427851246,0.4259868260780869,Vespa velutina,4.41,51.31
-0.18108637648186496,1.1968761928718625,-0.48350787931519296,0.2628430750422588,Vespa velutina,5.65,50.83
0.7289298566171024,0.843997341519652,-1.200912877106548,-0.1537342708719469,Vespa velutina,-1.35,46.54
0.004488945075875958,1.179065106112722,-0.4736256256457745,0.7166076491466701,Vespa velutina,4.85,52.5
0.5119415594573259,-0.7631994233169505,0.5570324005599426,0.541671748597023,Vespa velutina,4.7,51.17
0.5127041168355618,0.17976541955840217,-0.04135246086866242,0.35853889280024404,Vespa velutina,4.84,51.08
0.2213154933112983,-0.279568405139144,0.5531608888464551,0.7676909088205762,Vespa velutina,5,52.3
0.3591101357974851,1.1315782684076685,0.04339665775048337,-0.542123288952266,Vespa velutina,8.64,49.86
0.35820961242169247,0.4419559475584624,-0.12896983156715477,0.4090760987496706,Vespa velutina,4.85,51.18
-1.1321698879751603,-1.446853108590871,0.6820756244752304,0.6373513637543681,Vespa velutina,5.53,49.57
0.27105243355285574,-1.6342352298226595,1.0640629078230126,0.3503010348851802,Vespa velutina,4.49,50.76
0.36059131366643055,0.938992194690209,-0.42910700995218565,0.36659836924679057,Vespa velutina,4.38,51.1
0.6029214456233951,-0.13356873386170326,0.2323962696159774,0.416146843663505,Vespa velutina,3.56,51.57
0.5641986437986889,-0.034447986650791546,0.22083369595276206,0.41255698516495604,Vespa velutina,3.29,51.34
0.42384588321148337,0.47196651355970454,-0.21425891065350672,0.24255797252033295,Vespa velutina,5.13,50.84
0.4992887338414514,-0.6651509410955974,0.4945151018193979,0.49015475125078467,Vespa velutina,3.93,50.99
-4.544783232837063,-0.2941974226569045,-0.53611509751059,-0.30390259012502785,Vespa velutina,6.88,46.51
-0.01784306189402152,-0.4451986314357961,0.4370410025207522,0.31947448871719536,Vespa velutina,5.51,50.76
0.5276476904171415,0.05627947880174907,0.05918922323424967,0.41193520005833273,Vespa velutina,3.98,51.1
0.3635509707033706,0.342949624388246,-0.06846634899324788,0.46074869588573253,Vespa velutina,4.72,51.2
1.0790666552963444,-0.9243933387132769,-0.3883508874476401,-0.8974150266955406,Vespa velutina,1.47,43.57
0.36928944097311844,-0.602972199065279,0.541655036582758,0.25241115851598295,Vespa velutina,4.5,50.85
2.5966908542128677,-1.3737015850765588,-1.6051113069689416,-1.1294861549934798,Vespa velutina,-8.78,38.38
0.5596183981070004,0.05864283954350648,0.18095824938376273,0.3085183874271071,Vespa velutina,3.18,50.82
-1.587776300013518,0.2397517951496047,0.22970233197437048,-3.5952317339556945,Vespa velutina,-3.63,42.34
0.3811530479476852,0.7274918636146787,-0.44615664456648135,0.38171947823396274,Vespa velutina,4.44,51.19
1.7724230096035214,0.158876137960851,-2.378371708372585,-1.0677111852901426,Vespa velutina,-9.34,38.71
-1.3136209763165552,0.5657001364883938,-1.1238966354034454,-1.2977030189432857,Vespa velutina,4.26,44.64
0.0626497003280243,0.23785788609617967,0.011438234248503976,0.2609208767065211,Vespa velutina,4.4,50.83
-2.081843011715188,-1.2988242458545312,-0.13095849653589278,0.34992900242966496,Vespa velutina,6.23,46.38
0.3198427452325491,0.8859895291099666,-0.05309630335746822,0.351912615230162,Vespa velutina,5.5,51.45
0.530395721598688,-0.7256178278789163,0.6149669101892256,0.5824536340970184,Vespa velutina,4.05,51.64
-0.5326654741559351,-0.35356575415559643,0.3506952899650193,-0.2735377387243768,Vespa velutina,6.05,49.25
0.4085525591075889,0.7739362511177313,-0.13470637915967443,0.1914085299061516,Vespa velutina,3.38,50.64
1.2039262808706295,-0.3168269307243377,-1.2216168887540932,-1.1422360261528675,Vespa velutina,3.89,43.83
0.2310295065835075,0.6438322936690438,-0.10634237583271305,0.32648180461104653,Vespa velutina,4.65,50.83
0.6765379637861896,-1.4405982642038728,0.8667028736395515,0.3781575270021431,Vespa velutina,5.05,50.98
2.283180891526246,-0.5354003170379249,-2.4486238887499217,-1.0813115775213535,Vespa velutina,-9.16,38.68
0.6902330975439204,-1.4313298755315433,0.9296290674984404,0.4610425468225897,Vespa velutina,4.7,51.07
-1.1260185023200198,-0.27881094521574373,0.49465116163764705,-0.125082561082653,Vespa velutina,6.7,49.73
-1.3981008308106382,0.28498849915710117,-1.0041911039646207,-1.2385502618726705,Vespa velutina,-2.64,42.86
2.196955036903031,-2.327645078057272,-1.2676150360884215,-0.9450535721945441,Vespa velutina,-9.24,38.71
0.33341035926814755,0.31327723817456,-0.047076122160649325,0.39436949002063754,Vespa velutina,5.12,51.33
0.35374825051532816,0.9350565751593947,-0.2310238580024168,0.29703877100188236,Vespa velutina,3.13,50.93
2.50111626954087,-1.429150692645263,-0.8540504087948053,-1.6006986915610537,Vespa velutina,1.02,41.1
0.3562836346664827,-0.7877372381967396,0.6213507459322793,0.3424623613657073,Vespa velutina,5.48,50.88
0.307559698369453,0.5371663071208175,0.036212550991333005,0.38015148173084884,Vespa velutina,5.46,51.35
0.339830344820001,1.0847167642274111,-0.5566541996004823,0.37368124979486383,Vespa velutina,3.47,50.97
1.0437746559025418,-0.34097774155185967,-0.9686927217820913,-1.008049644603891,Vespa velutina,3.72,43.67
0.27587234862217297,0.8060150531062166,-0.33242494906933107,0.45776801934596945,Vespa velutina,4.35,51.5
0.4435055480102328,0.4527316192256065,-0.16055366406935684,0.42382494220778355,Vespa velutina,4.28,51.07
0.46202342930961443,0.09623971689059893,0.0369221943885618,0.4172821557536145,Vespa velutina,4.18,51.11
0.4523283170071298,0.10722123565968351,-0.09709783970491634,0.41370030712437383,Vespa velutina,4.47,51.17
0.34054929141554013,-0.08601320970728979,0.16512625035235848,0.32705936397434715,Vespa velutina,4.26,50.74
2.018747349790268,0.3541369514793939,-1.7139066482336482,-1.1080335097770493,Vespa velutina,3.68,43.49
-0.205536859933351,-0.23670651487388897,-0.4615282534988657,-0.037115953846750226,Vespa velutina,4.98,46.52
0.6391853898072681,-1.3320411981368743,0.715895247227459,0.5120680647099037,Vespa velutina,4.38,51.17
0.4141383432102766,-0.20414232437478533,0.26756331241509373,0.5302969528700817,Vespa velutina,3.2,51.15
0.3854609482815307,0.6361465902120287,-0.2600661244194312,0.3712129327863464,Vespa velutina,4.37,51.11
1.3673810342005015,-0.335691464637601,-1.9072257686775564,-0.5878575720022174,Vespa velutina,8.3,44.16
-0.06648283418695265,0.47715088981234527,0.02328423760716554,0.042457991924607974,Vespa velutina,5.9,50.85
-1.1180545052881217,-0.5197623019373314,0.5444230204655329,-0.2452629022951222,Vespa velutina,4.96,47.34
0.3583244149397009,0.87882787040742,-0.39653588652622423,0.3594917083429368,Vespa velutina,4.39,51.14
0.3429918296094068,-0.3345420254367343,0.4358919743043036,0.659719262364949,Vespa velutina,4.45,51.8
-0.6266776062736655,-1.2101862733347837,-0.5324019630970969,0.08082722730604927,Vespa velutina,1.15,45.8
0.8292203657872572,-2.848840654745047,1.5717201479088425,0.6080668465736937,Vespa velutina,4.44,51.2
-0.8136925744681203,-0.6604918806072424,0.3700090067643833,0.19577075021062876,Vespa velutina,6,50.75
0.8007789830115238,0.7792771286404101,-0.20287477197962728,-0.4629077245997326,Vespa velutina,2.33,48.78
0.46603913510949857,0.23255978694639926,-0.16369138913272432,0.43851103296697547,Vespa velutina,4.46,51.25
0.28300128105841577,1.4539474543258009,-0.7214945223913054,0.31945402265485523,Vespa velutina,4.37,51.14
0.0445914182541436,0.8948672774929335,-0.43902491409379424,0.7268557395421245,Vespa velutina,4.65,51.85
1.0308001710330827,-1.7624644108159233,-2.1880505712524694,-0.023697579300399403,Vespa velutina,-8.43,40.2
0.8887177353780061,0.059007709348099145,-1.638017439137102,-1.696075735558999,Vespa velutina,2.02,41.56
-1.1212548540324514,-0.6054246076056103,-0.3124105009175714,-1.94775245112551,Vespa velutina,2.27,42.06
0.2682366281642391,-0.3346557178414045,-1.1104351341383776,-2.6222691591406453,Vespa velutina,2.68,42.55
0.9463122002335337,-0.8408760779631188,1.0494820082821237,-0.3758658250645981,Vespa velutina,8.39,49.59
0.38193973702648554,1.054807095950836,-0.41866085712313006,0.26695333632712176,Vespa velutina,4.7,50.92
0.13234419049207394,0.4148772363221275,-2.05685258089187,0.2512115633808883,Vespa velutina,0.4,44.67
-1.2071355163488937,0.18802345667555675,-0.3709634261310548,0.5591647338938951,Vespa velutina,8.57,49
-2.6214637355398174,-1.2450232994649473,0.49219942841586045,-0.6026937035008169,Vespa velutina,7.16,47.36
1.3108460738543741,-1.8708531847931473,1.1980917553722974,-0.30681910773712895,Vespa velutina,2.34,48.83
0.6763398505113549,-0.8729911118828058,0.7066147760110628,0.3674818344999779,Vespa velutina,3.18,50.82
0.46559320319214675,-0.06939323287205289,0.1919754487050533,0.4350736141238849,Vespa velutina,3.19,51.17
0.43535393196275185,-0.10193619847639097,0.22117185672912712,0.238295530451409,Vespa velutina,4.71,50.86
1.6638509302984905,0.9773165442551447,-2.1087201524957355,-1.1303687479346298,Vespa velutina,3.9,43.65
0.5653507718195451,-0.6548841744984756,0.5975371827876875,0.4667100158661017,Vespa velutina,4.5,50.99
0.7958036480720797,-0.21924892325085715,0.04632898741334393,-0.33644507329106027,Vespa velutina,1.43,47.25
-2.025623451880154,-0.20320491534626658,-0.8612916651506942,-2.053826585393051,Vespa velutina,8.02,44.2
0.24137026333450273,0.3295271013471563,0.04705335422113698,0.49038301492672176,Vespa velutina,4.9,51.4
0.3882769788516645,0.8595656610035937,-0.3051894468036047,0.38033851676800146,Vespa velutina,4.64,51.15
2.346284112942742,-0.812985529561528,-1.3273101851416294,-1.0513103150443206,Vespa velutina,2.2,41.42
0.3808110185621171,-1.7626739166246501,-1.6281446204793655,0.5329904274309909,Vespa velutina,10.91,43.93
0.3624435346429102,-0.33902417602543977,0.3065073799710409,0.3321580362417719,Vespa velutina,4.21,50.72
0.4127447939637739,-0.6282054565060775,0.4697050295427321,0.38379683774338297,Vespa velutina,4.33,50.93
0.5158316067180682,-0.3063784094351009,0.2549863414076194,0.5446649472191477,Vespa velutina,4.1,51.3
0.42699544711807247,0.5386705824914099,-0.13019164032412248,0.27779083631156126,Vespa velutina,4.7,50.9
-0.2395793183289294,-0.7376367036787776,-0.4874202587646993,-0.9203962595857659,Vespa velutina,1.8,44.53
0.5201865779111926,-0.9454331109425189,0.6323829725657726,0.553645793682096,Vespa velutina,4.59,51.21
0.9825888798126285,-1.7101099426262047,0.887518624103894,-0.24208794442691592,Vespa velutina,1.43,47.26
-1.0741783629777784,0.28533894363511075,0.05863429398456024,0.400653911372896,Vespa velutina,5.22,50.16
0.5482790955847281,-1.0274994575692498,0.7906035423839959,0.5863862605082897,Vespa velutina,4.45,51.55
2.2002076541335445,-1.4814535782776657,-0.40364956833335996,-1.0923691463528444,Vespa velutina,3.16,41.91
0.22770122352013225,0.55475662152689,-0.2087634862788762,0.4660954401049757,Vespa velutina,4.57,51.36
0.9760844529593213,-1.090155386884585,-0.661640675536747,-1.0178276796147319,Vespa velutina,5.74,43.22
0.061907186143293984,-0.17359158574222974,0.23625500727089835,0.2287510876773024,Vespa velutina,4.36,50.79
-0.9215384673702627,-0.44572925397664215,0.8182674209755832,-0.2756138136084071,Vespa velutina,6.25,49.69
2.0788477606130047,-2.7805230979278224,-0.3633389423800171,-0.5469387078324531,Vespa velutina,2.74,41.65
0.5920002639025477,0.40204983503412245,0.5288523381105902,-0.46586225647165347,Vespa velutina,8.66,50.13
0.27249145642880723,-1.132823404429379,0.9509373877336464,0.2971565987556594,Vespa velutina,5.95,50.9
-0.31779429738394027,-0.7448359884086224,-3.058736009979688,0.9409147760359847,Vespa velutina,8.95,44.41
0.36812309616555017,-0.6372530761684756,0.46839126127874414,0.33343521281805955,Vespa velutina,4.19,50.91
-0.9396573514265998,-0.1970054551729364,0.35237330254556287,-0.08633621130713943,Vespa velutina,6.1,49.51
1.245246186358173,-0.1984139876917604,-2.2570115505413324,-1.6817763152880105,Vespa velutina,-9.38,38.79
-1.8323466734533571,-1.9718144017313313,-3.8680709415923866,2.4179347406237124,Vespa velutina,-8.76,42.2
0.30538134301836867,-0.33790521515646016,0.4208883160101581,0.5107960805734966,Vespa velutina,4.95,51.34
0.12232655219443424,0.9375731321532729,-0.2821665403623268,0.2278513026549626,Vespa velutina,4.66,50.81
0.6687595008283767,-1.196249608310217,0.732745137781755,0.42743657336017943,Vespa velutina,4.99,51.08
-0.019683762228234935,-2.856022356563317,-2.006921882797354,0.8515853542814673,Vespa velutina,-8.6,41.16
0.6258086143605686,0.4974061948910749,0.48146806083986043,-0.4209631426823792,Vespa velutina,8.65,50.12
0.6472701585668441,-1.0469472640329311,0.6479408117707184,0.472804511185552,Vespa velutina,4.46,50.98
0.6036773426079262,-0.6831889425076167,0.3331461519574415,0.4439114642550211,Vespa velutina,3.75,51.04
2.551037762984878,-2.8559516807137615,-1.1425068004829635,-0.9599101750686436,Vespa velutina,-9.14,38.71
-0.21070648558779637,-0.47040436462782403,-2.594463106592027,0.7583858549850644,Vespa velutina,-2.92,43.27
-4.189600417403038,0.1716359012770401,-0.47729938506419034,-3.205944314156643,Vespa velutina,2.17,42.31
0.4315265179485075,-0.27881017500850674,0.6299900670268708,0.5011875392533571,Vespa velutina,6.05,51.85
0.03691637333138011,-1.2131001447812526,-2.5741323191323913,0.46798257600121546,Vespa velutina,-8.56,40.88
0.26032869856886026,0.48924284668222956,0.06894521184052946,0.567592292116644,Vespa velutina,5.1,52.1
0.37999001626412293,0.8624158444303797,-0.3845248395134246,0.38235939650747214,Vespa velutina,4.38,51.02
-2.775810019331355,-0.7487532247711074,-0.10334503394057665,-2.3054181018340145,Vespa velutina,6.67,43.97
-0.9573105364444668,-0.2647912735251813,0.3869523096272442,-0.11115130940953831,Vespa velutina,6.1,49.59
0.1053499558753175,0.6387984188116319,-0.0873251398382946,0.6607389856829193,Vespa velutina,4.6,52.35
-1.1268526367872254,-1.4095043902718678,-2.9882744542462185,0.8116391941475911,Vespa velutina,-8.33,41.23
0.688372520411175,-2.526891990382565,2.002999749321659,-0.18085578458719587,Vespa velutina,8.75,50.15
0.6334180305290551,-1.5951362300808132,0.8789731943728312,0.44492767780847176,Vespa velutina,5.04,51.03
0.5164527197907205,0.3770917191593405,8.211184714571384e-4,0.2847254827124213,Vespa velutina,3.23,50.83
-1.2593976425896853,-0.6859037003104456,0.44249054782060804,0.08328827358577504,Vespa velutina,5.94,49.53
0.4698020858807651,0.6711844207792299,-0.16649046684695934,0.25519776752536344,Vespa velutina,3.26,50.83
0.0018538237207249037,0.7124148901074719,-0.14398459369538852,0.26883951331790196,Vespa velutina,5.45,51.02
0.37297041543729303,0.30937924858277593,0.10557299944452594,0.16695281784647692,Vespa velutina,4.92,50.8
0.4849267944004831,0.6410215329486851,-0.23371377652514744,0.34052007846647064,Vespa velutina,3.79,51.2
-0.9662024335575222,0.4329656677030404,0.23596784513360503,-0.09937845270787696,Vespa velutina,6.24,49.87
0.3686900138611215,0.7178349198703984,-0.3070741513098076,0.3587665273738468,Vespa velutina,4.46,51.16
-0.6892760401690183,-0.47607099142686765,-3.10912908346505,1.5283018836569018,Vespa velutina,-2.01,43.32
0.41860876470179753,0.6111340977548522,-0.3772946578685088,0.4145509289966036,Vespa velutina,4.48,51.23
0.46793959266368396,-0.6578145843910734,0.4262804507648224,0.4330049294522204,Vespa velutina,3.76,50.95
0.3905657739672737,0.4253729378576011,0.28206674863591985,0.4398410090682809,Vespa velutina,5.65,51.8
-0.5593065135252375,-1.299321617812377,-0.017507136999036332,-1.4391051546051707,Vespa velutina,3.62,43.94
0.5506874698603038,-1.0386781126079254,1.0045958466876708,0.5358041713441997,Vespa velutina,5.45,51.6
0.5629262562812205,-0.6770375173468133,0.40737268659629117,0.5099179248231499,Vespa velutina,4.29,51.22
0.660069915236814,-1.4576432587350199,0.9045653750877414,0.6175289126259748,Vespa velutina,4.1,51.3
0.2490788400775835,0.5661307517027279,-0.2897161851495946,0.15242257325292732,Vespa velutina,4.38,50.84
0.4400490661294499,0.40912938213411953,-0.12830819769224638,0.4146862202121636,Vespa velutina,4.47,51.08
0.348445923658621,1.0035971496208385,-0.4467250218951951,0.32642508418938454,Vespa velutina,3.22,50.92
0.6501418519499551,0.6298320217907033,-1.339922785343637,-0.9830091575239999,Vespa velutina,2.14,43.91
1.1096904460859853,-2.1565564361075396,-0.05994440773967937,-0.9503347745654412,Vespa velutina,5.74,43.22
0.22546250462449474,0.7844352220339118,-0.090422409683345,0.36368594611207766,Vespa velutina,5.4,51.3
-0.39160270658345187,-0.3140284517343854,0.18423053481909826,-0.34326848103432234,Vespa velutina,7.6,47.58
0.7374567313016621,-1.698801982315307,0.907103221996048,0.5154662996819362,Vespa velutina,3.78,51.06
0.3696852203749755,-0.05568934440106105,0.30467873376901916,0.1354857272108409,Vespa velutina,4.84,50.83
0.8149339387846158,-2.537979067531795,1.526438801414162,0.6094699338351199,Vespa velutina,4.18,51.09
0.36942646138253665,-0.7912742605859969,0.5664768709942256,-0.19724033819513842,Vespa velutina,7.74,48.58
-1.7193863706422492,-0.5888560870051426,0.7105099954712583,-0.15496549710195623,Vespa velutina,5.94,49.91
0.42915550124375706,0.39900975083243934,0.2155133131636381,0.20270612005824176,Vespa velutina,6.19,51.36
0.6656025731393683,-1.3602928592656318,0.7350450600435225,0.5393232484900525,Vespa velutina,4.46,51.22
0.4374529165901184,1.4187279104503305,-0.25689084576796095,0.13971250528883122,Vespa velutina,2.68,50.89
0.6845121132237771,-1.442008439001693,0.922342081161081,0.5206039088633184,Vespa velutina,4.04,50.98
-1.5139875411999912,-0.0052449117673974005,-0.5845349668523157,0.2828925205370473,Vespa velutina,8.47,48.89
2.035196668175657,-0.9298941038688848,-2.2677599999757696,-1.3874165623326613,Vespa velutina,-9.16,38.77
0.2109401937341195,1.4387828246754737,-0.47021481860933595,0.34127865311144373,Vespa velutina,5.45,51.45
0.5670968036386138,0.22155039160221024,0.3079074028121566,-0.3070733510796475,Vespa velutina,8.4,49.37
-1.6467056615336442,-2.2993264589314206,1.0512963502064974,-0.23459614809539533,Vespa velutina,4.51,45.46
0.4569627984130295,0.5064079974921004,0.15993402787329786,0.2508522924790674,Vespa velutina,6.1,51.35
1.4465823249144103,-2.9301699561616474,-0.7085115665834315,-1.390795831920948,Vespa velutina,-9.18,38.9
0.3744958214712144,-0.5134797393653694,0.4035651353566136,0.3322849088676067,Vespa velutina,4.29,50.76
0.16718937825503868,-1.5307794316280476,1.0564362687271063,0.4427536999661664,Vespa velutina,5.51,50.8
0.2891643084892691,1.3326011485539133,-0.699269069835832,0.33616359301392534,Vespa velutina,3.44,50.89
0.29473542307278106,0.10812865057200985,0.1347105367748702,0.6330038584418024,Vespa velutina,4.65,51.75
0.9653626107175702,-1.1404352820595207,1.3777725423141314,-0.082370203799686,Vespa velutina,2.84,49.42
0.3511896079529561,1.026342305274369,-0.42306288312516566,0.39119124475498623,Vespa velutina,3.21,51.21
0.5424465030184376,-0.6185047424617156,0.37619563830060154,0.4851017184093857,Vespa velutina,3.56,50.96
0.6164713866177733,-0.10816454131205008,0.3839468955201905,0.2651980518438208,Vespa velutina,3.14,50.79
-0.5141374321670529,-1.4208621049698695,0.5154296884425176,-1.6186888675037612,Vespa velutina,1.3,42.02
0.9406719631457885,-0.17765234952718892,0.21587868066958588,-2.452080362716164,Vespa velutina,-2.44,42.47
0.09401603264834905,0.29171133930441995,0.1471710755413974,0.20699728367593512,Vespa velutina,5.95,50.9
0.578076775895596,-0.4788532644153244,0.21785367829051963,0.43097898586922556,Vespa velutina,3.7,51.04
-0.07825744068807354,-0.45738745137959075,-1.9713133399127847,-1.534150389619163,Vespa velutina,6.92,43.66
-0.010920607111135816,-0.005146754242028705,-0.6292589222943848,-0.2686091616292552,Vespa velutina,4.83,45.73
0.14032789814314656,-0.7040511978727033,-2.240581939751045,0.34593050737487285,Vespa velutina,10.9,43.89
0.16094886988380855,1.2805127233486089,-0.37989966743788606,0.09906354678294989,Vespa velutina,5.75,50.9
0.09362656893691804,0.9333245804918295,-0.15039917665161082,0.6306044959390285,Vespa velutina,5.2,52.1
-0.60563013106812,-0.6557184337083142,-2.347502791802527,1.5821296157471811,Vespa velutina,10.47,43.85
0.32100140340925315,1.1550877200067295,-0.12705595438591272,0.2433927333986366,Vespa velutina,5.75,51.35
0.45457538442283957,0.7622724212388949,-0.23007589892716626,0.35121778209617754,Vespa velutina,3.31,51.34
0.35262243002541144,0.0876601964784099,0.3996597284881908,0.11518123460061824,Vespa velutina,6.2,51.2
0.5685068224837113,-0.24293686263322523,0.2862317924888032,0.42659794985916516,Vespa velutina,3.93,51.18
0.26542194963322213,1.3799560619174167,-0.15891766545006394,-0.16084974343648403,Vespa velutina,2.84,50.33
0.6335060900636473,-1.1914103866494736,0.7781960759701683,0.48291450305931927,Vespa velutina,4.04,50.93
0.596001276750025,-0.6230438514018953,0.5587096517702816,0.29709016981975434,Vespa velutina,3.29,50.81
-0.6677413658373088,-1.8816340918090542,0.5599171880425532,1.0819859455798444,Vespa velutina,8.38,48.98
0.4756076284524084,0.4716468989458957,-0.1751738493146196,0.38564644699607226,Vespa velutina,3.88,51.03
-1.189158472926809,1.6760137558981558,3.6287743595507127,1.1450864138493082,Vespa velutina,17.27,63.16
0.5484808573073418,-0.21654194408585067,0.07030804384283712,0.41801536914211673,Vespa velutina,3.76,51.04
0.43558472084420263,0.2360743898491952,-0.03433308525646109,0.3965336459004462,Vespa velutina,4.45,51.09
0.31545540845484965,0.7507121393724381,-0.26175247576457145,0.16977846776897818,Vespa velutina,4.77,50.9
-2.4788771388872513,-1.2663922220326107,0.14933944633177593,0.8266467389643847,Vespa velutina,5.99,45.46
-4.129073930943462,-0.311467492184352,-0.20471759323490957,-3.175368527038243,Vespa velutina,2.17,42.3
0.3197570208929838,0.9700009862356346,0.46502522451395684,0.06312658933404443,Vespa velutina,9.82,52.27
0.3727402378126246,0.07761650521231536,0.08726634943928512,0.4201990249449067,Vespa velutina,5.11,51.26
0.31998145231338765,0.7623529198092718,-0.2992120236502678,0.1578839319934135,Vespa velutina,4.92,50.84
0.42610803511825596,-2.506636324331757,1.5627171484711655,0.456449865210147,Vespa velutina,4.44,50.82
1.085472289072541,-2.564044063755224,-1.742193393013914,-0.023899567464810447,Vespa velutina,-8.4,40.19
0.4287667310443251,0.018842447692146578,0.03466901141457563,0.31075811558262095,Vespa velutina,4.35,50.87
-0.6757260542860761,-0.7278758217356435,1.2830653414598923,-0.5294086050296752,Vespa velutina,9.07,48.82
0.43857677072624435,0.43200253064052857,-0.06440365902301445,0.4037609798474724,Vespa velutina,4.59,51.01
0.4688770514599514,0.15773643216049993,-0.12239071033927856,0.4359703082221747,Vespa velutina,4.43,51.3
0.3195383940048999,0.7112404536677132,-0.4218610340047568,0.23596182911675276,Vespa velutina,6.78,51.24
0.18464833031263136,-0.22302297933485668,0.1917231481198606,0.7976074150159834,Vespa velutina,4.65,51.85
0.672237544443918,-1.6360804946533354,1.384583561311843,0.5313056844533383,Vespa velutina,5.5,51.6
0.30405803070926146,0.8316261077882262,-0.4271378825155541,0.23384962008357002,Vespa velutina,4.39,50.87
-2.6373183293775675,-0.1930344835509955,-0.18079554003549192,-0.16828277051212967,Vespa velutina,7.44,46.97
-0.7431151375252073,0.5761151405541137,-0.29608761678038087,0.36853854736682207,Vespa velutina,6.09,50.77
2.482552765746138,-1.2031152111244965,-1.9632413690932653,-0.8495179391503526,Vespa velutina,-8.9,38.52
0.23612071158051715,1.4904879014682597,-0.7136503383331002,0.40631139086479556,Vespa velutina,4.68,51.18
-1.0183382259901683,0.5092585563237196,-0.04474713439120961,-0.1201214314392963,Vespa velutina,6.15,49.57
0.21759852287884812,0.8179951972903978,-0.35408142953371885,0.4749021022002478,Vespa velutina,4.55,51.5
0.5173248368880224,1.743650197549617,-0.2447597385388971,-0.22094640090548207,Vespa velutina,2.99,49.58
-5.206600190600013,-1.403289447247213,0.6622635161093037,-1.2186880119049686,Vespa velutina,0.69,42.78
2.1954471680500314,-0.1636565181822143,-2.571742948700824,-1.0899373740153702,Vespa velutina,-8.84,38.52
0.5395450180421202,0.13475681680920856,0.43480700597425004,0.22140678830265376,Vespa velutina,5.81,51.15
0.8140693472966926,-2.2957444984234314,1.6739630572871025,0.2018990303608668,Vespa velutina,7.06,50.74
0.9959074566924947,0.759239983939981,-0.31898114917283765,-0.4004024650587154,Vespa velutina,2.36,48.84
0.7424276658273895,-2.2913075639967433,1.3903181009498071,0.5455780740539207,Vespa velutina,4.45,51.11
-1.1407418251250574,-1.7854736457282205,0.2628184335038644,-1.1013467226316775,Vespa velutina,-2.69,42.86
0.37405796207189956,0.6228176458801374,-0.25437944226262793,0.35750388302143327,Vespa velutina,4.45,51.14
-2.9146307425846776,-2.7169980779528142,-3.2681566089821787,1.7161116861831163,Vespa velutina,-8.43,42.91
0.3518289359378697,1.2026544834746493,-0.4978537526326857,0.36590062380451044,Vespa velutina,4.52,51.12
0.2517246609737007,1.443848838991868,-0.6019732515998433,0.4445263834888469,Vespa velutina,4.4,51.65
0.48325776814707494,0.6543431759840226,-0.24123025721609195,0.33967694689871786,Vespa velutina,3.74,51.18
1.1285411143003723,-0.2802813525306524,-0.873694343272319,-0.08246918037529177,Vespa velutina,-1.1,46.15
0.4844226522920135,-0.4376646014907998,0.5904256164200612,0.39329100113227566,Vespa velutina,3.69,50.47
1.302437494869895,-2.781341472566833,1.813929897314818,-0.1757061611190551,Vespa velutina,2.3,48.83
0.3228808611657899,0.745968839814393,-0.13977070704980227,0.35766107438190875,Vespa velutina,3.09,51.06
0.36050634354139643,0.11958744555249746,0.08307110216926765,0.49525533613694706,Vespa velutina,3.2,51.13
0.22175602695775717,0.8221442034717344,-0.28163612674755445,0.31182191287130867,Vespa velutina,4.06,50.79
0.3914602960982898,0.6340508789561742,-0.061187187152264705,0.31608952952086816,Vespa velutina,3.13,50.93
0.28957500139470105,0.03159602126870071,0.5188877366913603,-0.4361513906696884,Vespa velutina,2.02,49.17
-3.6845288093972126,-0.014834112198013798,-1.1659264563017746,1.1924959717400638,Vespa velutina,7.67,47.72
0.4957651272074397,-0.1351337359379852,0.04148020674357924,0.4435916836724788,Vespa velutina,4.44,51.3
-0.44324707987420103,-0.5968061709638045,-2.8693653718843724,1.013629576380627,Vespa velutina,-8.27,43.25
-1.2685702642233811,-0.7488837761991425,-0.4208485707647539,-1.1731161145933158,Vespa velutina,-2.64,42.86
0.3513169659541174,-0.16399383722316424,0.20732407816019685,0.3507785569328625,Vespa velutina,4.29,50.84
0.5421363090523219,0.010942395014387565,0.17444602573154025,0.36576335553418576,Vespa velutina,4.69,50.99
0.48473497058718296,-0.3647502071722647,0.5649135393096986,0.3341666189147923,Vespa velutina,5.75,51
1.3932280675849662,-0.654913316994472,-1.1769743390609135,-1.1888449885935692,Vespa velutina,2.1,41.51
0.5427857552384228,-0.5483797877637868,0.4006363433781571,0.4580803555043193,Vespa velutina,4.23,51.13
-0.4638428764893931,-0.5804041148179777,0.702987253462994,0.23655525767229602,Vespa velutina,7.33,48.06
-3.612554962108665,0.2578337719039871,-1.311269229310615,0.4071886190385926,Vespa velutina,6.91,46.44
0.35150228644521886,0.798654665045497,0.0627129467199911,-0.2708294598051467,Vespa velutina,8.61,49.72
0.26575530257813545,1.0326888873249012,-0.4569102863207499,0.3290195240143717,Vespa velutina,4.28,50.79
0.9156153263948547,0.11936380957335538,-0.9818555653271872,-0.9998563997153922,Vespa velutina,1.47,43.56
0.4698070495671183,-1.3804309396369974,1.2129940642931658,0.7385954071157572,Vespa velutina,5.23,52.37
0.3557580133560497,0.23655402106690457,-0.03682291553203572,0.4606465996859434,Vespa velutina,4.63,51.26
1.7684897496881637,-1.0157169669860058,-1.3583093274799556,-0.514191168050145,Vespa velutina,4.43,43.68
0.27236765937439045,0.7658861043543922,-0.09375515167317161,0.35839940197796666,Vespa velutina,5.35,51.4
0.5518233252275269,-0.24322047259841723,0.08536089009427854,0.4197038627844153,Vespa velutina,3.73,51.06
0.34696213419676775,-1.1295051251027444,0.8733988082909729,0.4024116421941291,Vespa velutina,4.02,50.39
1.28227420352103,-1.3834040597485247,-1.1217292071723715,-2.0483729976404192,Vespa velutina,2.09,41.42
0.44821592237353414,0.41141109729690584,-0.17720222335986016,0.36231368291871846,Vespa velutina,4.47,50.93
0.5504788213190339,-0.22723920976535558,0.7711301700767511,-0.3431197447601991,Vespa velutina,1.03,49
1.1089291252053355,-1.9411404567193202,1.3274836973323783,-0.32711312807318005,Vespa velutina,2.29,48.77
0.435763994272963,0.59976253561282,-0.2163757345664195,0.33249397932859714,Vespa velutina,4.72,51.08
0.40367452665743103,0.0529832910676052,0.09004202405315942,0.43005615689080995,Vespa velutina,4.88,51.19
0.524633439019233,-2.6277345687595957,-1.7323965157508459,0.9031405778568876,Vespa velutina,-8.64,40.97
0.36602144201472636,0.16540788347119542,0.2584463676213606,0.24240214939028462,Vespa velutina,5.68,50.91
0.30986417258634036,1.4008412597079456,-0.8242471637074372,0.3536555967796315,Vespa velutina,4.35,51.18
0.6020469609433967,-1.4746994290251727,1.250154003160924,0.5597619560539898,Vespa velutina,5.45,51.55
0.5037063991964319,-0.37837201067911413,0.7536141710246759,0.2961035195935928,Vespa velutina,5.65,51.25
0.4370440053121116,0.8055356187588889,-0.3631056538239645,0.3681526709723869,Vespa velutina,3.93,51.15
0.3208894095657409,-0.135805860316829,0.3853450498511999,0.316177191093762,Vespa velutina,3.78,50.58
0.3915503483623782,0.6119869415365186,-0.31762713250059743,0.41086161906506824,Vespa velutina,3.64,50.99
0.47299959153343646,-0.3625462851371899,0.6509075206547453,0.42729473405249385,Vespa velutina,5.55,51.45
-2.3174545898251027,-1.4842524424834653,-3.3399581048948823,0.3109783056622115,Vespa velutina,-7.69,40.45
0.24638047325583365,-1.8113377143211997,1.3181877239536925,0.2164025436999811,Vespa velutina,5.94,50.88
0.5303195828918075,-0.7798082746527177,0.6526824777013159,0.585262440099774,Vespa velutina,4.4,51.65
0.51945452704366335,0.04122310123950069,-0.0746724424325393,0.4053394877913044,Vespa velutina,3.68,51.05
0.3810053136425323,-0.8580921335820212,0.9531974524834763,0.7319912503788933,Vespa velutina,4.95,52.1
0.3697286043320525,-0.605859306186113,0.45339613028672965,0.31994084050621907,Vespa velutina,4.2,50.83
0.4013875171080483,0.8149905047620035,-0.36449278856867623,0.40453560821573575,Vespa velutina,4.3,51.08
0.5434471898781288,-0.3118179503627102,0.280306377282776,0.47486787900916544,Vespa velutina,4.36,51.06
0.3797785443589183,0.061111517875786774,0.08224647175172384,0.4040745924894624,Vespa velutina,4.95,51.33
2.3098016826535557,-0.45990801625674854,-2.3343017441696863,-1.069174599366066,Vespa velutina,-9.08,38.62
1.9574382071256808,-1.4703488313542614,-0.7295059908513535,-0.9900077714800807,Vespa velutina,3.85,43.64
2.265823311139874,-0.5707149818561358,-1.0380773861749897,-1.2214365802677778,Vespa velutina,3.22,43.33
0.4032508524614228,0.35743179813341136,-0.1236821081900497,0.46990871326776146,Vespa velutina,4.11,51.23
0.6311958998664762,-1.2055935735562682,0.7324106636588176,0.44282552359599947,Vespa velutina,4.45,50.92
0.2563219353783816,0.34534071329459337,-0.021410572488995666,0.5803856139449138,Vespa velutina,4.75,51.55
0.32647413478434456,0.5240211121826523,-0.0949875461432818,0.33605010255770323,Vespa velutina,3.87,50.76
-1.1309223787634048,-1.564538578753713,-2.8345615525675543,-0.8864231374732514,Vespa velutina,-8.04,40.19
0.47462630140088835,0.2788697493119026,-0.10104288007131113,0.3816167549666788,Vespa velutina,4.46,50.95
0.34942977904210865,1.4975431029736168,-0.7192633044852312,0.304778411949128,Vespa velutina,4.68,51.16
-2.7185283867082495,-2.6356461929781356,-0.11397385447162539,-3.5083295116556665,Vespa velutina,7.03,43.79
0.18307269843458454,-0.8537506357005519,0.6250649356081206,0.31181836744697217,Vespa velutina,4.48,50.71
0.3772445449004941,0.6310067675618927,0.1840916221639796,0.232219574535371,Vespa velutina,5.65,51.25
0.18782061275024312,0.8469851243747581,-0.37410627424392584,0.4439620324442796,Vespa velutina,4.55,51.35
-1.1792865709262539,0.8270689247556192,-0.300098971424587,-0.36495130156559175,Vespa velutina,6.08,49.48
0.5211122558320423,-2.1344914145422056,-0.1181612507612672,0.15032436670463997,Vespa velutina,0.13,45.4
-1.724741738051045,-0.24173706598201858,-0.08444248930893768,-0.1647228718531865,Vespa velutina,4.52,45.47
-2.1884109643779017,-2.030204337445968,-3.2463893999679865,1.5069368954159705,Vespa velutina,-8.54,42.88
0.6689736141994433,0.8363230966854086,-0.7082564253466032,-0.0904914953372568,Vespa velutina,-1.62,48.05
0.7063954417968822,-1.5041753835963598,1.055871160328472,0.35285730065826076,Vespa velutina,3.26,50.81
0.35295067717635986,0.5287873988083146,-0.2775605848591061,0.36155493509904363,Vespa velutina,3.55,50.84
0.515383275083548,-0.35493032577258316,0.319339479991193,0.4087686147126594,Vespa velutina,3.19,50.93
-0.33302643019705724,0.9807130093218406,-0.24582037285281216,0.13153928195640993,Vespa velutina,4.85,50.49
0.3013386174780639,0.6763801761163969,-0.25482987351289627,0.13058173006303442,Vespa velutina,4.84,50.89
0.4769887656990391,-0.34656699871590274,0.17449203585752954,0.36590528314618054,Vespa velutina,5.1,51.04
0.020612860257247383,0.21149314133229136,-1.0534925788587346,-0.34067627746527274,Vespa velutina,4.92,45.79
-1.4299069890270582,-1.406573321016692,-0.8780346707771461,-0.2038054860116579,Vespa velutina,0.11,43.16
1.6234483056432127,-0.22324573068893272,-1.8118646839824413,-0.6152812089685951,Vespa velutina,4.37,43.82
0.6896513111135756,-0.1947681411451633,0.8688047514213857,-0.4026223066000871,Vespa velutina,8.66,50.12
0.3677356044491839,0.11589615959113403,-0.010729425030080187,0.3803983379856018,Vespa velutina,3.75,50.96
0.27073154482475104,0.1298866492736329,0.1077254440887968,0.3171290639949474,Vespa velutina,5.46,50.95
0.2370748218251128,0.4609050638478316,-0.15030637471829217,0.2712087118146117,Vespa velutina,4.19,50.84
-1.0371276570233663,0.19834746321161187,-0.7485278620232253,-1.3841288157263338,Vespa velutina,2.34,43.73
0.08627229296837095,0.1558209326895647,0.14012443134301542,0.12816408466380658,Vespa velutina,4.63,50.69
0.4257914680182056,1.0392301449072538,-0.06616587563454907,0.007320983417423097,Vespa velutina,2.78,50.44
0.6064453064803134,-0.46196256906618843,0.5951507403685948,0.46631417637490374,Vespa velutina,3.12,51.3
-0.011708846916869778,0.7009344459419811,-0.25213619984248387,0.21342179078071058,Vespa velutina,4.48,50.71
-0.15958378346280144,-0.7018107149839677,0.2896219388445709,0.5681420623485407,Vespa velutina,7.26,51.65
0.3579684462791058,0.23916351977500602,0.2061888064636421,0.4135648285050959,Vespa velutina,5.45,51.4
2.136908402858011,-0.8746598891349482,-1.2799455639693365,-1.0582483974824473,Vespa velutina,2.15,41.37
1.2762570991533544,-0.999184092480345,0.629635523597753,-0.3544017005449448,Vespa velutina,2.32,48.87
-3.503254100744996,-0.3592584919693632,-0.14568129490238613,-0.11049807100411771,Vespa velutina,6.77,47.95
0.4273945153093015,-0.2382602178928283,0.5624683410996443,0.5576522582401537,Vespa velutina,5.25,51.7
-2.6375513694427584,-1.1421591700814777,0.9708118224587344,-0.38926955411035163,Vespa velutina,7,49.65
